file_name,host,collection_date,country,expected_role
EPI_ISL_18132153,American_Black_Duck,2022-02-06,USA,american_anchor
EPI_ISL_18133089,American_Black_Duck,2022-02-16,USA,american_anchor
EPI_ISL_18133079,American_Black_Duck,2022-03-04,USA,american_anchor
EPI_ISL_18133073,American_Black_Duck,2022-03-09,USA,american_anchor
EPI_ISL_18133041,American_Crow,2022-04-07,USA,american_anchor
EPI_ISL_18133168,American_White_Pelican,2022-04-12,USA,american_anchor
EPI_ISL_18133148,American_Wigeon,2022-02-05,USA,american_anchor
EPI_ISL_18133140,American_Wigeon,2022-01-08,USA,american_anchor
EPI_ISL_18133121,American_Wigeon,2022-01-08,USA,american_anchor
EPI_ISL_18133117,American_Wigeon,2022-01-08,USA,american_anchor
EPI_ISL_18133113,American_Wigeon,2022-01-08,USA,american_anchor
EPI_ISL_18133109,American_Wigeon,2022-01-08,USA,american_anchor
EPI_ISL_18133024,American_Wigeon,2022-01-08,USA,american_anchor
EPI_ISL_18133021,American_Wigeon,2022-01-08,USA,american_anchor
EPI_ISL_18133017,American_Wigeon,2022-01-08,USA,american_anchor
EPI_ISL_18133051,American_Wigeon,2022-01-08,USA,american_anchor
EPI_ISL_18133039,American_Wigeon,2022-01-08,USA,american_anchor
EPI_ISL_18133035,American_Wigeon,2022-01-22,USA,american_anchor
EPI_ISL_18133032,American_Wigeon,2022-01-26,USA,american_anchor
EPI_ISL_18133029,American_Wigeon,2021-12-30,USA,american_anchor
EPI_ISL_18133026,American_Wigeon,2022-01-06,USA,american_anchor
EPI_ISL_18133023,American_Wigeon,2022-01-06,USA,american_anchor
EPI_ISL_9876777,American_blue-winged_teal,2021-12-30,USA,american_anchor
EPI_ISL_9880153,American_wigeon,2022-01-08,USA,american_anchor
EPI_ISL_9869760,American_wigeon,2021-12-30,USA,american_anchor
EPI_ISL_19391463,Antofagasta,2023-03-24,Chile,regional_context
EPI_ISL_20359540,Arctocephalus_australis,2023-03-06,Peru,regional_context
EPI_ISL_18698516,Avian,2023-04-21,Argentina,regional_context
EPI_ISL_18698517,Avian,2023-04-24,Argentina,regional_context
EPI_ISL_18698485,Avian,2023-02-24,Argentina,regional_context
EPI_ISL_18698487,Avian,2023-02-24,Argentina,regional_context
EPI_ISL_20444471,Avian,2023-03-21,Chile,regional_context
EPI_ISL_20444458,Avian,2023-04-11,Chile,regional_context
EPI_ISL_20444459,Avian,2023-06-06,Chile,regional_context
EPI_ISL_20444460,Avian,2023-06-27,Chile,regional_context
EPI_ISL_20444461,Avian,2023-09-20,Chile,regional_context
EPI_ISL_18133005,Backyard_bird,2022-03-29,USA,american_anchor
EPI_ISL_18132997,Backyard_bird,2022-02-28,USA,american_anchor
EPI_ISL_18133048,Backyard_bird,2022-03-15,USA,american_anchor
EPI_ISL_18133114,Backyard_bird,2022-02-22,USA,american_anchor
EPI_ISL_18133182,Backyard_bird,2022-04-11,USA,american_anchor
EPI_ISL_18133176,Backyard_bird,2022-04-28,USA,american_anchor
EPI_ISL_18133207,Backyard_bird,2022-04-29,USA,american_anchor
EPI_ISL_18133075,Backyard_bird,2022-02-22,USA,american_anchor
EPI_ISL_18133072,Backyard_bird,2022-02-22,USA,american_anchor
EPI_ISL_18133155,Backyard_bird,2022-04-05,USA,american_anchor
EPI_ISL_18133132,Backyard_bird,2022-04-26,USA,american_anchor
EPI_ISL_18132996,Backyard_bird,2022-04-26,USA,american_anchor
EPI_ISL_18132840,Backyard_bird,2022-03-28,USA,american_anchor
EPI_ISL_18132949,Bald_Eagle,2022-02-16,USA,american_anchor
EPI_ISL_18132945,Bald_Eagle,2022-02-23,USA,american_anchor
EPI_ISL_18132941,Bald_Eagle,2022-02-01,USA,american_anchor
EPI_ISL_18132937,Bald_Eagle,2022-02-01,USA,american_anchor
EPI_ISL_18132933,Bald_Eagle,2022-02-28,USA,american_anchor
EPI_ISL_18132927,Bald_Eagle,2022-02-23,USA,american_anchor
EPI_ISL_18132926,Bald_Eagle,2022-03-31,USA,american_anchor
EPI_ISL_18132923,Bald_Eagle,2022-04-08,USA,american_anchor
EPI_ISL_18132924,Bald_Eagle,2022-03-20,USA,american_anchor
EPI_ISL_18132921,Bald_Eagle,2022-03-30,USA,american_anchor
EPI_ISL_18132838,Bald_Eagle,2022-03-01,USA,american_anchor
EPI_ISL_18132879,Bald_Eagle,2022-03-31,USA,american_anchor
EPI_ISL_18132998,Bald_Eagle,2022-03-28,USA,american_anchor
EPI_ISL_18132994,Bald_Eagle,2022-03-28,USA,american_anchor
EPI_ISL_19131166,Band-tailed_gull,2022-12-19,Chile,regional_context
EPI_ISL_19131168,Band-tailed_gull,2023-01-11,Chile,regional_context
EPI_ISL_18371664,Belcher_gull,2022-12-01,Peru,regional_context
EPI_ISL_19836182,Black-Necked_Swan,2023-03-22,Argentina,regional_context
EPI_ISL_18005786,Black-crowned_night-heron,2022-12-20,Chile,regional_context
EPI_ISL_17885849,Black_Skimmer,2023-03-06,Chile,regional_context
EPI_ISL_18132944,Black_Vulture,2022-02-25,USA,american_anchor
EPI_ISL_18132940,Black_Vulture,2022-03-07,USA,american_anchor
EPI_ISL_18132925,Black_Vulture,2022-03-17,USA,american_anchor
EPI_ISL_18132995,Black_Vulture,2022-03-21,USA,american_anchor
EPI_ISL_18132971,Black_Vulture,2022-03-30,USA,american_anchor
EPI_ISL_18132928,Black_Vulture,2022-04-15,USA,american_anchor
EPI_ISL_18132919,Black_Vulture,2022-04-20,USA,american_anchor
EPI_ISL_18132915,Black_Vulture,2022-04-20,USA,american_anchor
EPI_ISL_18132895,Black_Vulture,2022-04-22,USA,american_anchor
EPI_ISL_18133232,Black_Vulture,2022-04-22,USA,american_anchor
EPI_ISL_17885967,Blackish_oystercatcher,2023-03-06,Chile,regional_context
EPI_ISL_18133419,Blue-winged_Teal,2022-01-22,USA,american_anchor
EPI_ISL_18133416,Blue-winged_Teal,2021-12-30,USA,american_anchor
EPI_ISL_19215175,Buteogallus_urubitinga,2023-06-07,Brazil,regional_context
EPI_ISL_19158339,Calidris_alba,2023-04-20,Peru,regional_context
EPI_ISL_19070287,Calidris_alba,2023-04-20,Peru,regional_context
EPI_ISL_19070288,Calidris_alba,2023-04-20,Peru,regional_context
EPI_ISL_19158331,Canada_goose,2022-04-29,USA,american_anchor
EPI_ISL_19158330,Canada_goose,2022-05-04,USA,american_anchor
EPI_ISL_19158328,Canada_goose,2022-05-05,USA,american_anchor
EPI_ISL_16555205,Canada_goose,2022-07-05,USA,american_anchor
EPI_ISL_18698504,Chicken,2023-03-16,Argentina,regional_context
EPI_ISL_18698505,Chicken,2023-03-21,Argentina,regional_context
EPI_ISL_18698506,Chicken,2023-03-27,Argentina,regional_context
EPI_ISL_18698507,Chicken,2023-03-31,Argentina,regional_context
EPI_ISL_18698509,Chicken,2023-04-03,Argentina,regional_context
EPI_ISL_18698510,Chicken,2023-04-03,Argentina,regional_context
EPI_ISL_18698719,Chicken,2023-04-10,Argentina,regional_context
EPI_ISL_18698511,Chicken,2023-04-12,Argentina,regional_context
EPI_ISL_18698512,Chicken,2023-04-19,Argentina,regional_context
EPI_ISL_18698518,Chicken,2023-05-01,Argentina,regional_context
EPI_ISL_18698519,Chicken,2023-05-04,Argentina,regional_context
EPI_ISL_18698732,Chicken,2023-05-03,Argentina,regional_context
EPI_ISL_18698520,Chicken,2023-05-05,Argentina,regional_context
EPI_ISL_18698521,Chicken,2023-05-08,Argentina,regional_context
EPI_ISL_18698522,Chicken,2023-05-08,Argentina,regional_context
EPI_ISL_20386297,Chicken,2025-07-31,Argentina,regional_context
EPI_ISL_20386298,Chicken,2025-07-31,Argentina,regional_context
EPI_ISL_20386299,Chicken,2025-07-31,Argentina,regional_context
EPI_ISL_20386300,Chicken,2025-07-31,Argentina,regional_context
EPI_ISL_20386301,Chicken,2025-07-31,Argentina,regional_context
EPI_ISL_20386303,Chicken,2025-08-12,Argentina,regional_context
EPI_ISL_20386304,Chicken,2025-08-18,Argentina,regional_context
EPI_ISL_20386305,Chicken,2025-08-18,Argentina,regional_context
EPI_ISL_20386306,Chicken,2025-08-18,Argentina,regional_context
EPI_ISL_20386307,Chicken,2025-08-18,Argentina,regional_context
EPI_ISL_20386308,Chicken,2025-08-18,Argentina,regional_context
EPI_ISL_20386309,Chicken,2025-08-30,Argentina,regional_context
EPI_ISL_20386310,Chicken,2025-08-30,Argentina,regional_context
EPI_ISL_20386311,Chicken,2025-10-06,Argentina,regional_context
EPI_ISL_20386312,Chicken,2025-10-06,Argentina,regional_context
EPI_ISL_20386314,Chicken,2025-10-06,Argentina,regional_context
EPI_ISL_20386313,Chicken,2025-10-06,Argentina,regional_context
EPI_ISL_18698524,Chicken,2023-05-18,Argentina,regional_context
EPI_ISL_18698525,Chicken,2023-05-18,Argentina,regional_context
EPI_ISL_18698526,Chicken,2023-05-29,Argentina,regional_context
EPI_ISL_18698527,Chicken,2023-06-13,Argentina,regional_context
EPI_ISL_20386295,Chicken,2025-07-14,Argentina,regional_context
EPI_ISL_20386296,Chicken,2025-07-14,Argentina,regional_context
EPI_ISL_18698528,Chicken,2023-07-06,Argentina,regional_context
EPI_ISL_18698529,Chicken,2023-07-26,Argentina,regional_context
EPI_ISL_18698530,Chicken,2023-07-27,Argentina,regional_context
EPI_ISL_18698460,Chicken,2023-02-16,Argentina,regional_context
EPI_ISL_18698462,Chicken,2023-02-18,Argentina,regional_context
EPI_ISL_18698464,Chicken,2023-02-18,Argentina,regional_context
EPI_ISL_18698466,Chicken,2023-02-19,Argentina,regional_context
EPI_ISL_18698469,Chicken,2023-02-20,Argentina,regional_context
EPI_ISL_18698471,Chicken,2023-02-20,Argentina,regional_context
EPI_ISL_18698474,Chicken,2023-02-20,Argentina,regional_context
EPI_ISL_18698476,Chicken,2023-02-21,Argentina,regional_context
EPI_ISL_19823063,Chicken,2025-02-25,Argentina,regional_context
EPI_ISL_19823060,Chicken,2025-02-25,Argentina,regional_context
EPI_ISL_19823064,Chicken,2025-02-25,Argentina,regional_context
EPI_ISL_19823067,Chicken,2025-02-25,Argentina,regional_context
EPI_ISL_19823061,Chicken,2025-02-25,Argentina,regional_context
EPI_ISL_19823062,Chicken,2025-02-25,Argentina,regional_context
EPI_ISL_19823068,Chicken,2025-02-25,Argentina,regional_context
EPI_ISL_18698478,Chicken,2023-02-23,Argentina,regional_context
EPI_ISL_18698480,Chicken,2023-02-22,Argentina,regional_context
EPI_ISL_18698482,Chicken,2023-02-23,Argentina,regional_context
EPI_ISL_18698490,Chicken,2023-02-24,Argentina,regional_context
EPI_ISL_18698492,Chicken,2023-02-27,Argentina,regional_context
EPI_ISL_18698494,Chicken,2023-03-03,Argentina,regional_context
EPI_ISL_18698730,Chicken,2023-03-04,Argentina,regional_context
EPI_ISL_18698499,Chicken,2023-03-08,Argentina,regional_context
EPI_ISL_18698731,Chicken,2023-03-09,Argentina,regional_context
EPI_ISL_18698502,Chicken,2023-03-13,Argentina,regional_context
EPI_ISL_20180388,Chicken,2025-09-02,Bolivia,regional_context
EPI_ISL_20442654,Chicken,2026-03-19,Chile,regional_context
EPI_ISL_20442685,Chicken,2026-03-21,Chile,regional_context
EPI_ISL_20442901,Chicken,2026-03-24,Chile,regional_context
EPI_ISL_20443474,Chicken,2026-03-27,Chile,regional_context
EPI_ISL_20443476,Chicken,2026-03-31,Chile,regional_context
EPI_ISL_20374016,Chile,2023-03-24,Chile,regional_context
EPI_ISL_17885965,Chiloe_wigeon,2023-03-09,Chile,regional_context
EPI_ISL_18133359,Common_Goldeneye,2022-03-31,USA,american_anchor
EPI_ISL_18931273,Coragyps_atratus,2022-12-23,Venezuela,regional_context
EPI_ISL_20454277,Coscoroba_coscoroba,2026-02-22,Uruguay,regional_context
EPI_ISL_20454279,Coscoroba_coscoroba,2026-02-27,Uruguay,regional_context
EPI_ISL_20454278,Coscoroba_coscoroba,2026-03-01,Uruguay,regional_context
EPI_ISL_20454280,Coscoroba_coscoroba,2026-03-05,USA,american_anchor
EPI_ISL_20454284,Coscoroba_coscoroba,2026-03-03,Uruguay,regional_context
EPI_ISL_20454282,Coscoroba_coscoroba,2026-02-23,Uruguay,regional_context
EPI_ISL_20454283,Coscoroba_coscoroba,2026-02-18,Uruguay,regional_context
EPI_ISL_20444462,Curlew,2023-11-10,Chile,regional_context
EPI_ISL_20369940,Cygnus_atratus,2025-05-25,Brazil,regional_context
EPI_ISL_20369963,Cygnus_atratus,2025-05-25,Brazil,regional_context
EPI_ISL_20369803,Cygnus_atratus,2025-05-15,Brazil,regional_context
EPI_ISL_20454281,Cygnus_melancoryphus,2026-02-26,Uruguay,regional_context
EPI_ISL_20369892,Cygnus_melancoryphus,2025-05-15,Brazil,regional_context
EPI_ISL_20370708,Dendrocygna_viduata,2025-06-03,Brazil,regional_context
EPI_ISL_20370756,Dendrocygna_viduata,2025-06-27,Brazil,regional_context
EPI_ISL_20100727,Dendrocygna_viduata,2025-06-20,Brazil,regional_context
EPI_ISL_20370723,Dromaius_novaehollandiae,2025-06-14,Brazil,regional_context
EPI_ISL_18698515,Duck,2023-04-19,Argentina,regional_context
EPI_ISL_18698523,Duck,2023-05-11,Argentina,regional_context
EPI_ISL_19823059,Duck,2025-02-25,Argentina,regional_context
EPI_ISL_20444463,Duck,2023-03-07,Chile,regional_context
EPI_ISL_20444464,Duck,2023-04-12,Chile,regional_context
EPI_ISL_20444465,Duck,2023-04-12,Chile,regional_context
EPI_ISL_20444466,Duck,2023-05-09,Chile,regional_context
EPI_ISL_20442735,Duck,2026-03-23,Chile,regional_context
EPI_ISL_17885955,Elegant_tern,2022-12-24,Chile,regional_context
EPI_ISL_17885953,Elegant_tern,2022-12-23,Chile,regional_context
EPI_ISL_18939722,Franklin's_gull,2023-02-12,Chile,regional_context
EPI_ISL_19162729,Franklin_gull,2023-02-12,Chile,regional_context
EPI_ISL_20370011,Furnarius_rufus,2025-05-28,Brazil,regional_context
EPI_ISL_18133470,Gadwall,2022-01-30,USA,american_anchor
EPI_ISL_18133461,Gadwall,2022-01-08,USA,american_anchor
EPI_ISL_18133449,Gadwall,2022-01-08,USA,american_anchor
EPI_ISL_18133445,Gadwall,2022-01-15,USA,american_anchor
EPI_ISL_18133441,Gadwall,2022-01-22,USA,american_anchor
EPI_ISL_18133429,Gadwall,2022-01-06,USA,american_anchor
EPI_ISL_18133425,Gadwall,2022-01-06,USA,american_anchor
EPI_ISL_20370172,Gallus_gallus,2025-06-07,Brazil,regional_context
EPI_ISL_19215176,Gallus_gallus,2023-09-22,Brazil,regional_context
EPI_ISL_20370823,Gallus_gallus,2025-07-23,Brazil,regional_context
EPI_ISL_20369893,Gallus_gallus,2025-05-15,Brazil,regional_context
EPI_ISL_20370791,Gallus_gallus,2025-07-17,Brazil,regional_context
EPI_ISL_20370746,Gallus_gallus,2025-06-13,Brazil,regional_context
EPI_ISL_20267521,Gallus_gallus,2025-06-13,Brazil,regional_context
EPI_ISL_20370752,Gallus_gallus,2025-07-11,Brazil,regional_context
EPI_ISL_20267522,Gallus_gallus,2025-07-11,Brazil,regional_context
EPI_ISL_18698459,Goose,2023-02-11,Argentina,regional_context
EPI_ISL_17885951,Gray_gull,2023-01-18,Chile,regional_context
EPI_ISL_16190849,Great_Black-Backed_Gull,2021-11-04,Netherlands,regional_context
EPI_ISL_18133437,Great_Blue_Heron,2022-02-27,USA,american_anchor
EPI_ISL_18133482,Great_Horned_Owl,2022-02-28,USA,american_anchor
EPI_ISL_18133525,Great_Horned_Owl,2022-02-24,USA,american_anchor
EPI_ISL_18133523,Great_Horned_Owl,2022-02-25,USA,american_anchor
EPI_ISL_18133527,Great_Horned_Owl,2022-04-03,USA,american_anchor
EPI_ISL_18133505,Great_Horned_Owl,2022-03-31,USA,american_anchor
EPI_ISL_18133436,Great_Horned_Owl,2022-04-18,USA,american_anchor
EPI_ISL_18133415,Great_Horned_Owl,2022-04-25,USA,american_anchor
EPI_ISL_18133409,Great_Horned_Owl,2022-04-22,USA,american_anchor
EPI_ISL_18133448,Great_Horned_Owl,2022-04-01,USA,american_anchor
EPI_ISL_18133460,Great_Horned_Owl,2022-04-11,USA,american_anchor
EPI_ISL_18133510,Great_Horned_Owl,2022-04-21,USA,american_anchor
EPI_ISL_18133506,Great_Horned_Owl,2022-03-18,USA,american_anchor
EPI_ISL_17885950,Great_egret,2023-03-07,Chile,regional_context
EPI_ISL_19162730,Great_grabe,2023-01-09,Chile,regional_context
EPI_ISL_19162731,Great_grabe,2023-01-09,Chile,regional_context
EPI_ISL_18133483,Greater_White-fronted_Goose,2022-04-06,USA,american_anchor
EPI_ISL_18133477,Green-winged_Teal,2022-01-29,USA,american_anchor
EPI_ISL_18133475,Green-winged_Teal,2022-01-29,USA,american_anchor
EPI_ISL_18133472,Green-winged_Teal,2022-01-29,USA,american_anchor
EPI_ISL_18133469,Green-winged_Teal,2022-01-29,USA,american_anchor
EPI_ISL_18133466,Green-winged_Teal,2022-01-29,USA,american_anchor
EPI_ISL_18133463,Green-winged_Teal,2022-01-31,USA,american_anchor
EPI_ISL_19391460,Guanay_cormorant,2023-03-01,Chile,regional_context
EPI_ISL_18265434,Guanay_cormorant,2022-11-24,Peru,regional_context
EPI_ISL_18371665,Guanay_cormorant,2022-12-01,Peru,regional_context
EPI_ISL_18133331,Guineafowl,2022-03-09,USA,american_anchor
EPI_ISL_17011964,Gull,2022-12-07,Chile,regional_context
EPI_ISL_17011958,Gull,2022-12-07,Chile,regional_context
EPI_ISL_20444470,Gull,2023-04-21,Chile,regional_context
EPI_ISL_20444469,Gull,2023-08-27,Chile,regional_context
EPI_ISL_20444468,Gull,2023-09-14,Chile,regional_context
EPI_ISL_20444467,Gull,2023-09-25,Chile,regional_context
EPI_ISL_18133300,Herring_Gull,2022-04-14,USA,american_anchor
EPI_ISL_18133269,Hooded_Merganser,2022-02-28,USA,american_anchor
EPI_ISL_18133202,Hooded_Merganser,2022-04-04,USA,american_anchor
EPI_ISL_18760066,Humboldt_penguin,2023-02-05,Chile,regional_context
EPI_ISL_17885948,Humboldt_penguin,2023-02-28,Chile,regional_context
EPI_ISL_19131156,Inca_tern,2023-02-22,Chile,regional_context
EPI_ISL_19131159,Inca_tern,2022-12-12,Chile,regional_context
EPI_ISL_19131162,Inca_tern,2023-03-01,Chile,regional_context
EPI_ISL_17885972,Kelp_gull,2023-03-01,Chile,regional_context
EPI_ISL_20359535,Larus_belcheri,2022-12-16,Peru,regional_context
EPI_ISL_18133273,Lesser_Scaup,2022-02-08,USA,american_anchor
EPI_ISL_18133242,Lesser_Scaup,2022-02-24,USA,american_anchor
EPI_ISL_18133228,Lesser_Scaup,2022-02-24,USA,american_anchor
EPI_ISL_18133218,Lesser_Scaup,2022-03-18,USA,american_anchor
EPI_ISL_18133214,Lesser_Snow_Goose_Blue,2022-03-14,USA,american_anchor
EPI_ISL_18133210,Lesser_Snow_Goose_Blue,2022-03-14,USA,american_anchor
EPI_ISL_15614805,Lesser_scaup,2022-01-23,USA,american_anchor
EPI_ISL_18133145,Mallard,2022-02-03,USA,american_anchor
EPI_ISL_18133141,Mallard,2022-02-03,USA,american_anchor
EPI_ISL_18133268,Mallard,2022-02-03,USA,american_anchor
EPI_ISL_18133249,Mallard,2022-01-26,USA,american_anchor
EPI_ISL_18133245,Mallard,2022-01-26,USA,american_anchor
EPI_ISL_18133241,Mallard,2022-01-26,USA,american_anchor
EPI_ISL_18133237,Mallard,2022-01-26,USA,american_anchor
EPI_ISL_18133233,Mallard,2022-01-26,USA,american_anchor
EPI_ISL_18133253,Mallard,2022-02-07,USA,american_anchor
EPI_ISL_18133220,Mallard,2022-02-07,USA,american_anchor
EPI_ISL_18133196,Mallard,2022-02-01,USA,american_anchor
EPI_ISL_18133192,Mallard,2022-02-01,USA,american_anchor
EPI_ISL_18133285,Mallard,2022-03-09,USA,american_anchor
EPI_ISL_19215177,Megascops_choliba,2023-05-26,Brazil,regional_context
EPI_ISL_18133332,Merganser,2022-03-22,USA,american_anchor
EPI_ISL_18133323,Mergus,2022-04-07,USA,american_anchor
EPI_ISL_19765465,Nasua_nasua,2023-05-04,Uruguay,regional_context
EPI_ISL_19765475,Nasua_nasua,2023-05-04,Uruguay,regional_context
EPI_ISL_19765485,Nasua_nasua,2023-05-05,Uruguay,regional_context
EPI_ISL_18132370,Northern_Shoveler,2022-01-31,USA,american_anchor
EPI_ISL_18132366,Northern_Shoveler,2022-01-08,USA,american_anchor
EPI_ISL_20267523,Numida_meleagris,2025-07-22,Brazil,regional_context
EPI_ISL_20370822,Numida_meleagris,2025-07-22,Brazil,regional_context
EPI_ISL_19215178,Numida_meleagris,2023-09-15,Brazil,regional_context
EPI_ISL_19215179,Otaria_flavescens,2023-10-03,Brazil,regional_context
EPI_ISL_19215180,Otaria_flavescens,2023-10-11,Brazil,regional_context
EPI_ISL_20443759,Other_Avian,2026-03-25,Chile,regional_context
EPI_ISL_18132354,Owl,2022-04-26,USA,american_anchor
EPI_ISL_18132350,Parrot,2022-04-04,USA,american_anchor
EPI_ISL_16171480,Pekin_duck,2022-04-28,USA,american_anchor
EPI_ISL_17099964,Pelecanus,2022-12-01,Peru,regional_context
EPI_ISL_16854397,Pelecanus_occidentalis,2022-11-25,Venezuela,regional_context
EPI_ISL_16854405,Pelecanus_occidentalis,2022-11-25,Venezuela,regional_context
EPI_ISL_18909019,Pelecanus_occidentalis,2022-12-07,Venezuela,regional_context
EPI_ISL_18931240,Pelecanus_occidentalis,2022-12-12,Venezuela,regional_context
EPI_ISL_18931241,Pelecanus_occidentalis,2022-12-12,Venezuela,regional_context
EPI_ISL_16701840,Pelecanus_occidentalis,2022-12-15,Venezuela,regional_context
EPI_ISL_18931268,Pelecanus_occidentalis,2022-12-15,Venezuela,regional_context
EPI_ISL_18931269,Pelecanus_occidentalis,2022-12-19,Venezuela,regional_context
EPI_ISL_18931270,Pelecanus_occidentalis,2022-12-19,Venezuela,regional_context
EPI_ISL_18931271,Pelecanus_occidentalis,2022-12-20,Venezuela,regional_context
EPI_ISL_18931272,Pelecanus_occidentalis,2022-12-23,Venezuela,regional_context
EPI_ISL_18931239,Pelecanus_occidentalis,2022-12-07,Venezuela,regional_context
EPI_ISL_18931274,Pelecanus_occidentalis,2023-01-11,Venezuela,regional_context
EPI_ISL_18931275,Pelecanus_occidentalis,2023-01-11,Venezuela,regional_context
EPI_ISL_18931276,Pelecanus_occidentalis,2023-01-27,Venezuela,regional_context
EPI_ISL_20359517,Pelecanus_thagus,2022-12-11,Peru,regional_context
EPI_ISL_19781426,Pelecanus_thagus,2023-02-10,Peru,regional_context
EPI_ISL_17885944,Pelican,2022-12-16,Chile,regional_context
EPI_ISL_17885934,Pelican,2022-12-15,Chile,regional_context
EPI_ISL_17885931,Pelican,2022-12-15,Chile,regional_context
EPI_ISL_17885929,Pelican,2022-12-18,Chile,regional_context
EPI_ISL_17885927,Pelican,2022-12-22,Chile,regional_context
EPI_ISL_17885926,Pelican,2022-12-26,Chile,regional_context
EPI_ISL_17885925,Pelican,2022-12-30,Chile,regional_context
EPI_ISL_17885924,Pelican,2022-12-30,Chile,regional_context
EPI_ISL_17050893,Pelican,2022-12-07,Chile,regional_context
EPI_ISL_17011962,Pelican,2022-12-05,Chile,regional_context
EPI_ISL_17011961,Pelican,2022-12-05,Chile,regional_context
EPI_ISL_17011963,Pelican,2022-12-06,Chile,regional_context
EPI_ISL_17011956,Pelican,2022-12-06,Chile,regional_context
EPI_ISL_17011957,Pelican,2022-12-06,Chile,regional_context
EPI_ISL_17011959,Pelican,2022-12-06,Chile,regional_context
EPI_ISL_17012018,Pelican,2022-12-07,Chile,regional_context
EPI_ISL_17885923,Pelican,2023-01-02,Chile,regional_context
EPI_ISL_17885922,Pelican,2023-01-14,Chile,regional_context
EPI_ISL_17885921,Pelican,2023-01-09,Chile,regional_context
EPI_ISL_18132424,Pelican,2022-03-01,USA,american_anchor
EPI_ISL_17885918,Pelican,2023-01-26,Chile,regional_context
EPI_ISL_17885915,Pelican,2023-01-24,Chile,regional_context
EPI_ISL_17885912,Pelican,2023-01-24,Chile,regional_context
EPI_ISL_17885942,Pelican,2022-12-09,Chile,regional_context
EPI_ISL_16631973,Pelican,2022-12-12,Venezuela,regional_context
EPI_ISL_16013752,Pelican,2022-11-25,Venezuela,regional_context
EPI_ISL_16013753,Pelican,2022-11-25,Venezuela,regional_context
EPI_ISL_19139974,Peruvean_booby,2023-01-03,Chile,regional_context
EPI_ISL_19162636,Peruvean_booby,2023-01-31,Chile,regional_context
EPI_ISL_19131163,Peruvean_booby,2023-02-24,Chile,regional_context
EPI_ISL_18690723,Peruvian_booby,2023-02-10,Chile,regional_context
EPI_ISL_19131164,Peruvian_booby,2023-01-03,Chile,regional_context
EPI_ISL_19131165,Peruvian_booby,2023-01-31,Chile,regional_context
EPI_ISL_18760067,Peruvian_booby,2023-03-17,Chile,regional_context
EPI_ISL_18371666,Peruvian_booby,2022-12-01,Peru,regional_context
EPI_ISL_20359491,Phalacrocorax_bougainvillii,2023-02-20,Peru,regional_context
EPI_ISL_20359497,Phalacrocorax_bougainvillii,2023-02-20,Peru,regional_context
EPI_ISL_20359498,Phalacrocorax_bougainvillii,2023-02-20,Peru,regional_context
EPI_ISL_19215181,Pluvialis_dominica,2023-11-08,Brazil,regional_context
EPI_ISL_19215182,Procellaria_aequinoctialis,2023-11-09,Brazil,regional_context
EPI_ISL_19215190,Procellaria_aequinoctialis,2023-11-10,Brazil,regional_context
EPI_ISL_18132448,Red-shouldered_Hawk,2022-02-01,USA,american_anchor
EPI_ISL_18132384,Red-tailed_Hawk,2022-03-30,USA,american_anchor
EPI_ISL_18132396,Red-tailed_Hawk,2022-04-08,USA,american_anchor
EPI_ISL_18132420,Red-tailed_Hawk,2022-04-22,USA,american_anchor
EPI_ISL_18132466,Ring-necked_Duck,2022-03-23,USA,american_anchor
EPI_ISL_18132458,Ring-necked_Duck,2022-03-11,USA,american_anchor
EPI_ISL_19605616,Ring-necked_pheasant,2022-04-20,USA,american_anchor
EPI_ISL_18132450,Ross's_Goose,2022-03-18,USA,american_anchor
EPI_ISL_18132438,Ross's_Goose,2022-03-08,USA,american_anchor
EPI_ISL_18132428,Ross's_Goose,2022-03-12,USA,american_anchor
EPI_ISL_18132414,Ross's_Goose,2022-02-22,USA,american_anchor
EPI_ISL_18132476,Ross's_Goose,2022-03-23,USA,american_anchor
EPI_ISL_18132542,Ross's_Goose,2022-03-22,USA,american_anchor
EPI_ISL_18132539,Ross's_Goose,2022-03-25,USA,american_anchor
EPI_ISL_18132520,Ross's_Goose,2022-04-01,USA,american_anchor
EPI_ISL_18132498,Ross's_Goose,2022-04-01,USA,american_anchor
EPI_ISL_18132490,Ross's_Goose,2022-04-05,USA,american_anchor
EPI_ISL_18132407,Royal_Tern,2022-02-18,USA,american_anchor
EPI_ISL_18132399,Royal_Tern,2022-03-16,USA,american_anchor
EPI_ISL_19158227,Sabine's_gull,2022-06-06,USA,american_anchor
EPI_ISL_19158226,Sabine's_gull,2022-06-06,USA,american_anchor
EPI_ISL_17885980,Sanderling,2022-12-30,Chile,regional_context
EPI_ISL_17885978,Sanderling,2023-03-03,Chile,regional_context
EPI_ISL_19404931,Sanderling,2023-03-17,Chile,regional_context
EPI_ISL_18132518,Sanderling,2022-03-04,USA,american_anchor
EPI_ISL_18132515,Sanderling,2022-02-21,USA,american_anchor
EPI_ISL_18265432,Sanderling,2022-11-22,Peru,regional_context
EPI_ISL_18698754,Sea_Lion,2023-08-08,Argentina,regional_context
EPI_ISL_18698755,Sea_Lion,2023-08-11,Argentina,regional_context
EPI_ISL_18054502,Sea_Lion,2023-01-23,Peru,regional_context
EPI_ISL_19137653,Seagull,2023-04-17,Argentina,regional_context
EPI_ISL_13009618,Sebastopol_goose,2022-03-25,USA,american_anchor
EPI_ISL_18132503,Sharp-shinned_Hawk,2022-03-11,USA,american_anchor
EPI_ISL_18132459,Snow_Goose,2022-02-28,USA,american_anchor
EPI_ISL_18132187,Snow_Goose,2022-03-12,USA,american_anchor
EPI_ISL_18132179,Snow_Goose,2022-02-08,USA,american_anchor
EPI_ISL_18132177,Snow_Goose,2022-02-08,USA,american_anchor
EPI_ISL_18132167,Snow_Goose,2022-02-22,USA,american_anchor
EPI_ISL_18132268,Snow_Goose,2022-02-22,USA,american_anchor
EPI_ISL_18132264,Snow_Goose,2022-02-22,USA,american_anchor
EPI_ISL_18132243,Snow_Goose,2022-03-22,USA,american_anchor
EPI_ISL_18132220,Snow_Goose,2022-01-21,USA,american_anchor
EPI_ISL_18132156,Snow_Goose,2022-03-26,USA,american_anchor
EPI_ISL_18132209,Snow_Goose,2022-04-01,USA,american_anchor
EPI_ISL_18132200,Snow_Goose,2022-04-05,USA,american_anchor
EPI_ISL_18132194,Snow_Goose,2022-04-04,USA,american_anchor
EPI_ISL_18132317,Snow_Goose,2022-04-11,USA,american_anchor
EPI_ISL_18132294,Snowy_Owl,2022-04-14,USA,american_anchor
EPI_ISL_18132280,Snowy_Owl,2022-03-16,USA,american_anchor
EPI_ISL_18265430,South_American_Sea_Lion,2023-01-23,Peru,regional_context
EPI_ISL_18945320,South_American_fur_seal,2023-08-26,Argentina,regional_context
EPI_ISL_18945319,South_American_sea_lion,2023-08-26,Argentina,regional_context
EPI_ISL_18945317,South_American_sea_lion,2023-08-26,Argentina,regional_context
EPI_ISL_18945316,South_American_sea_lion,2023-08-26,Argentina,regional_context
EPI_ISL_19466158,South_American_tern,2023-10-10,Argentina,regional_context
EPI_ISL_19466210,South_American_tern,2023-10-10,Argentina,regional_context
EPI_ISL_18945315,South_American_tern,2023-08-26,Argentina,regional_context
EPI_ISL_17885973,South_American_tern,2023-02-23,Chile,regional_context
EPI_ISL_19410261,South_polar_skua,2024-03-03,Antarctica,regional_context
EPI_ISL_19410262,South_polar_skua,2024-03-03,Antarctica,regional_context
EPI_ISL_19410263,South_polar_skua,2024-03-03,Antarctica,regional_context
EPI_ISL_19410264,South_polar_skua,2024-03-03,Antarctica,regional_context
EPI_ISL_19410265,South_polar_skua,2024-03-03,Antarctica,regional_context
EPI_ISL_19410266,South_polar_skua,2024-03-03,Antarctica,regional_context
EPI_ISL_19823065,Southamerican_tern,2023-12-24,Argentina,regional_context
EPI_ISL_18918640,Southern_Fulmar,2023-11-14,FalklandIslands,regional_context
EPI_ISL_19466211,Southern_elephant_seal,2023-10-10,PeninsulaValdes,regional_context
EPI_ISL_19466212,Southern_elephant_seal,2023-10-10,PeninsulaValdes,regional_context
EPI_ISL_19466213,Southern_elephant_seal,2023-10-10,PeninsulaValdes,regional_context
EPI_ISL_19466214,Southern_elephant_seal,2023-10-10,PeninsulaValdes,regional_context
EPI_ISL_19466215,Southern_elephant_seal,2023-10-10,PeninsulaValdes,regional_context
EPI_ISL_19466216,Southern_elephant_seal,2023-10-10,PeninsulaValdes,regional_context
EPI_ISL_18522961,Southern_fulmar,2023-10-30,FalklandIslands,regional_context
EPI_ISL_19215192,Sterna_hirundo,2024-02-02,Brazil,regional_context
EPI_ISL_19215194,Sterna_hirundo,2024-03-02,Brazil,regional_context
EPI_ISL_19215183,Sterna_hirundo,2023-05-27,Brazil,regional_context
EPI_ISL_19215193,Sterna_hirundo,2024-02-09,Brazil,regional_context
EPI_ISL_19215196,Sterna_hirundo,2024-03-02,Brazil,regional_context
EPI_ISL_19215191,Sterna_hirundo,2024-03-09,Brazil,regional_context
EPI_ISL_19215195,Sterna_hirundo,2024-03-15,Brazil,regional_context
EPI_ISL_19215184,Sterna_hirundo,2023-11-09,Brazil,regional_context
EPI_ISL_20299633,Sterna_hirundo,2024-04-05,Brazil,regional_context
EPI_ISL_18975372,Sula_leucogaster,2023-07-25,Brazil,regional_context
EPI_ISL_19215185,Sula_leucogaster,2023-09-27,Brazil,regional_context
EPI_ISL_20359554,Sula_variegata,2023-04-14,Peru,regional_context
EPI_ISL_20444472,Swan,2023-03-30,Chile,regional_context
EPI_ISL_20444473,Swan,2023-04-01,Chile,regional_context
EPI_ISL_20444474,Swan,2023-04-03,Chile,regional_context
EPI_ISL_20444528,Swan,2023-04-05,Chile,regional_context
EPI_ISL_20444527,Swan,2023-04-11,Chile,regional_context
EPI_ISL_20444526,Swan,2023-06-04,Chile,regional_context
EPI_ISL_20443761,Swan,2026-04-06,Chile,regional_context
EPI_ISL_20443763,Swan,2026-04-07,Chile,regional_context
EPI_ISL_19174531,Tern,2023-10-20,Argentina,regional_context
EPI_ISL_18130622,Thalasseus_acuflavidus,2023-06-21,Brazil,regional_context
EPI_ISL_18130627,Thalasseus_acuflavidus,2023-06-24,Brazil,regional_context
EPI_ISL_20299635,Thalasseus_acuflavidus,2024-04-12,Brazil,regional_context
EPI_ISL_19215199,Thalasseus_acuflavidus,2023-11-14,Brazil,regional_context
EPI_ISL_19215197,Thalasseus_acuflavidus,2024-02-22,Brazil,regional_context
EPI_ISL_19215198,Thalasseus_acuflavidus,2023-11-06,Brazil,regional_context
EPI_ISL_18130597,Thalasseus_maximus,2023-06-21,Brazil,regional_context
EPI_ISL_20299636,Thalasseus_maximus,2023-06-06,Brazil,regional_context
EPI_ISL_19215186,Thalasseus_maximus,2023-06-23,Brazil,regional_context
EPI_ISL_19215188,Thalasseus_maximus,2023-10-13,Brazil,regional_context
EPI_ISL_19215187,Thalasseus_maximus,2023-09-25,Brazil,regional_context
EPI_ISL_19215189,Thalasseus_maximus,2023-06-05,Brazil,regional_context
EPI_ISL_19215200,Thalasseus_maximus,2023-12-13,Brazil,regional_context
EPI_ISL_18132276,Tundra_Swan,2022-04-07,USA,american_anchor
EPI_ISL_18698508,Turkey,2023-03-31,Argentina,regional_context
EPI_ISL_18698513,Turkey,2023-04-17,Argentina,regional_context
EPI_ISL_18698514,Turkey,2023-04-19,Argentina,regional_context
EPI_ISL_20386302,Turkey,2025-07-31,Argentina,regional_context
EPI_ISL_18698497,Turkey,2023-03-04,Argentina,regional_context
EPI_ISL_20444525,Turkey,2023-03-07,Chile,regional_context
EPI_ISL_20444524,Turkey,2023-03-18,Chile,regional_context
EPI_ISL_20444523,Turkey,2023-03-29,Chile,regional_context
EPI_ISL_20444529,Turkey,2023-03-29,Chile,regional_context
EPI_ISL_20444522,Turkey,2023-03-29,Chile,regional_context
EPI_ISL_20444520,Turkey,2023-04-13,Chile,regional_context
EPI_ISL_20444519,Turkey,2023-04-17,Chile,regional_context
EPI_ISL_20444518,Turkey,2023-04-19,Chile,regional_context
EPI_ISL_20444511,Turkey,2023-04-19,Chile,regional_context
EPI_ISL_20444510,Turkey,2023-04-19,Chile,regional_context
EPI_ISL_20444509,Turkey,2023-05-09,Chile,regional_context
EPI_ISL_20444521,Turkey,2023-03-29,Chile,regional_context
EPI_ISL_20443473,Turkey,2026-03-26,Chile,regional_context
EPI_ISL_17885970,Turkey_vulture,2022-12-17,Chile,regional_context
EPI_ISL_17885968,Turkey_vulture,2022-12-31,Chile,regional_context
EPI_ISL_18132593,Vulture,2022-04-24,USA,american_anchor
EPI_ISL_18132516,Vulture,2022-04-13,USA,american_anchor
EPI_ISL_18132478,Wood_Duck,2022-01-29,USA,american_anchor
EPI_ISL_18132475,Wood_Duck,2022-02-13,USA,american_anchor
EPI_ISL_16641771,american_crow,2022-03-15,USA,american_anchor
EPI_ISL_16641772,american_crow,2022-03-15,USA,american_anchor
EPI_ISL_16641773,american_crow,2022-03-16,USA,american_anchor
EPI_ISL_16641794,american_crow,2022-03-22,USA,american_anchor
EPI_ISL_16641775,american_crow,2022-03-09,USA,american_anchor
EPI_ISL_19606635,american_crow,2022-05-05,USA,american_anchor
EPI_ISL_19606713,american_green_winged_teal,2022-01-01,USA,american_anchor
EPI_ISL_19606681,american_white_pelican,2022-07-19,USA,american_anchor
EPI_ISL_19606683,american_white_pelican,2022-07-27,USA,american_anchor
EPI_ISL_19606691,american_white_pelican,2022-07-01,USA,american_anchor
EPI_ISL_19606619,american_white_pelican,2022-06-06,USA,american_anchor
EPI_ISL_19606560,american_white_pelican,2022-06-08,USA,american_anchor
EPI_ISL_19606563,american_white_pelican,2022-07-19,USA,american_anchor
EPI_ISL_19606576,american_white_pelican,2022-04-21,USA,american_anchor
EPI_ISL_19606555,american_wigeon,2022-01-25,USA,american_anchor
EPI_ISL_19606557,american_wigeon,2022-01-30,USA,american_anchor
EPI_ISL_18107055,american_wigeon,2022-01-30,USA,american_anchor
EPI_ISL_19606615,american_wood_stork,2022-06-14,USA,american_anchor
EPI_ISL_20444537,avian,2022-12-05,Chile,regional_context
EPI_ISL_20444530,avian,2022-12-05,Chile,regional_context
EPI_ISL_20444543,avian,2023-02-16,Chile,regional_context
EPI_ISL_20444542,avian,2023-03-06,Chile,regional_context
EPI_ISL_20444541,avian,2023-06-01,Chile,regional_context
EPI_ISL_20444540,avian,2023-06-03,Chile,regional_context
EPI_ISL_20444539,avian,2023-08-01,Chile,regional_context
EPI_ISL_20444538,avian,2023-08-16,Chile,regional_context
EPI_ISL_20444536,avian,2023-08-17,Chile,regional_context
EPI_ISL_20444535,avian,2023-08-18,Chile,regional_context
EPI_ISL_20444534,avian,2023-08-22,Chile,regional_context
EPI_ISL_20444533,avian,2023-08-25,Chile,regional_context
EPI_ISL_20444532,avian,2023-08-24,Chile,regional_context
EPI_ISL_20444531,avian,2023-08-30,Chile,regional_context
EPI_ISL_20444508,avian,2023-09-01,Chile,regional_context
EPI_ISL_20444507,avian,2023-08-31,Chile,regional_context
EPI_ISL_20444506,avian,2023-09-06,Chile,regional_context
EPI_ISL_20444497,avian,2023-09-13,Chile,regional_context
EPI_ISL_20444475,avian,2023-09-21,Chile,regional_context
EPI_ISL_20444476,avian,2023-09-25,Chile,regional_context
EPI_ISL_20444477,avian,2023-09-26,Chile,regional_context
EPI_ISL_20444478,avian,2023-09-27,Chile,regional_context
EPI_ISL_20444479,avian,2023-09-29,Chile,regional_context
EPI_ISL_20444480,avian,2023-09-29,Chile,regional_context
EPI_ISL_20444481,avian,2023-10-02,Chile,regional_context
EPI_ISL_20444482,avian,2023-10-06,Chile,regional_context
EPI_ISL_20444483,avian,2023-10-10,Chile,regional_context
EPI_ISL_20444484,avian,2023-10-11,Chile,regional_context
EPI_ISL_20444485,avian,2023-10-20,Chile,regional_context
EPI_ISL_20444486,avian,2023-10-06,Chile,regional_context
EPI_ISL_20444487,avian,2023-11-28,Chile,regional_context
EPI_ISL_20444488,avian,2023-12-02,Chile,regional_context
EPI_ISL_20444489,avian,2023-12-11,Chile,regional_context
EPI_ISL_20444490,avian,2023-12-14,Chile,regional_context
EPI_ISL_17805997,avian,2022-11-22,Peru,regional_context
EPI_ISL_17805998,avian,2022-11-22,Peru,regional_context
EPI_ISL_18310942,backyard_chicken,2023-03-03,Uruguay,regional_context
EPI_ISL_18310967,backyard_chicken,2023-03-03,Uruguay,regional_context
EPI_ISL_18310966,backyard_chicken,2023-03-06,Uruguay,regional_context
EPI_ISL_18310965,backyard_chicken,2023-03-06,Uruguay,regional_context
EPI_ISL_18310964,backyard_chicken,2023-04-16,Uruguay,regional_context
EPI_ISL_18310963,backyard_chicken,2023-04-17,Uruguay,regional_context
EPI_ISL_18310962,backyard_chicken,2023-04-17,Uruguay,regional_context
EPI_ISL_18310961,backyard_chicken,2023-05-03,Uruguay,regional_context
EPI_ISL_18310960,backyard_duck,2023-04-16,Uruguay,regional_context
EPI_ISL_18310959,backyard_turkey,2023-04-16,Uruguay,regional_context
EPI_ISL_19158217,bald_eagle,2022-05-20,USA,american_anchor
EPI_ISL_19158210,bald_eagle,2022-01-01,USA,american_anchor
EPI_ISL_19158209,bald_eagle,2022-01-01,USA,american_anchor
EPI_ISL_15063846,bald_eagle,2022-02-12,USA,american_anchor
EPI_ISL_15214839,bald_eagle,2022-02-28,USA,american_anchor
EPI_ISL_14937069,bald_eagle,2022-03-08,USA,american_anchor
EPI_ISL_19606594,bald_eagle,2022-06-22,USA,american_anchor
EPI_ISL_19606598,bald_eagle,2022-01-01,USA,american_anchor
EPI_ISL_19606599,bald_eagle,2022-01-01,USA,american_anchor
EPI_ISL_19606600,bald_eagle,2022-01-01,USA,american_anchor
EPI_ISL_19606602,bald_eagle,2022-01-01,USA,american_anchor
EPI_ISL_19606603,bald_eagle,2022-01-01,USA,american_anchor
EPI_ISL_19606604,bald_eagle,2022-01-01,USA,american_anchor
EPI_ISL_19606727,bald_eagle,2022-05-23,USA,american_anchor
EPI_ISL_19607135,bald_eagle,2022-06-08,USA,american_anchor
EPI_ISL_19607137,bald_eagle,2022-06-08,USA,american_anchor
EPI_ISL_19607138,bald_eagle,2022-06-08,USA,american_anchor
EPI_ISL_19607139,bald_eagle,2022-06-14,USA,american_anchor
EPI_ISL_19607141,bald_eagle,2022-06-14,USA,american_anchor
EPI_ISL_19607142,bald_eagle,2022-06-30,USA,american_anchor
EPI_ISL_19607147,bald_eagle,2022-04-15,USA,american_anchor
EPI_ISL_19607129,bald_eagle,2022-05-05,USA,american_anchor
EPI_ISL_19607114,bald_eagle,2022-01-01,USA,american_anchor
EPI_ISL_19607115,bald_eagle,2022-07-06,USA,american_anchor
EPI_ISL_19607187,bald_eagle,2022-07-22,USA,american_anchor
EPI_ISL_19607193,bald_eagle,2022-05-05,USA,american_anchor
EPI_ISL_19660948,bald_eagle,2022-04-22,Unknown,regional_context
EPI_ISL_18914308,bald_eagle,2022-04-22,Unknown,regional_context
EPI_ISL_19607184,bald_eagle,2022-07-29,USA,american_anchor
EPI_ISL_19607162,bald_eagle,2022-04-24,USA,american_anchor
EPI_ISL_19607167,bald_eagle,2022-05-01,USA,american_anchor
EPI_ISL_19607181,bald_eagle,2022-05-25,USA,american_anchor
EPI_ISL_19131167,band-tailed_gull,2022-12-19,Chile,regional_context
EPI_ISL_19131176,band-tailed_gull,2023-02-25,Chile,regional_context
EPI_ISL_19607178,barred_owl,2022-05-05,USA,american_anchor
EPI_ISL_18760070,black-necked_swan,2023-04-05,LosRios,regional_context
EPI_ISL_18310958,black-necked_swan,2023-02-18,Uruguay,regional_context
EPI_ISL_18310957,black-necked_swan,2023-03-15,Uruguay,regional_context
EPI_ISL_19158178,black_brant,2022-06-06,USA,american_anchor
EPI_ISL_19158174,black_brant,2022-06-22,USA,american_anchor
EPI_ISL_16891402,black_skimmer,2022-12-02,Chile,regional_context
EPI_ISL_19606729,black_vulture,2022-05-11,USA,american_anchor
EPI_ISL_19606734,black_vulture,2022-05-21,USA,american_anchor
EPI_ISL_19606737,black_vulture,2022-06-11,USA,american_anchor
EPI_ISL_19606739,black_vulture,2022-06-19,USA,american_anchor
EPI_ISL_19606741,black_vulture,2022-06-28,USA,american_anchor
EPI_ISL_19606742,black_vulture,2022-06-26,USA,american_anchor
EPI_ISL_19606746,black_vulture,2022-07-04,USA,american_anchor
EPI_ISL_19606748,black_vulture,2022-07-02,USA,american_anchor
EPI_ISL_19606779,black_vulture,2022-07-01,USA,american_anchor
EPI_ISL_19606819,black_vulture,2022-07-08,USA,american_anchor
EPI_ISL_19606822,black_vulture,2022-07-12,USA,american_anchor
EPI_ISL_19606825,black_vulture,2022-07-15,USA,american_anchor
EPI_ISL_19606828,black_vulture,2022-07-21,USA,american_anchor
EPI_ISL_19606832,black_vulture,2022-07-26,USA,american_anchor
EPI_ISL_19606833,black_vulture,2022-07-31,USA,american_anchor
EPI_ISL_19606817,black_vulture,2022-07-30,USA,american_anchor
EPI_ISL_19606791,black_vulture,2022-07-30,USA,american_anchor
EPI_ISL_19606781,black_vulture,2022-07-28,USA,american_anchor
EPI_ISL_19606273,black_vulture,2022-05-31,USA,american_anchor
EPI_ISL_19606274,black_vulture,2022-05-31,USA,american_anchor
EPI_ISL_19606275,black_vulture,2022-06-02,USA,american_anchor
EPI_ISL_18697750,black_vulture,2022-01-01,USA,american_anchor
EPI_ISL_17885990,black_vulture,2022-07-01,USA,american_anchor
EPI_ISL_19064367,black_vulture,2022-01-01,USA,american_anchor
EPI_ISL_15078239,black_vulture,2022-04-21,USA,american_anchor
EPI_ISL_19606163,black_vulture,2022-05-19,USA,american_anchor
EPI_ISL_19606135,black_vulture,2022-05-19,USA,american_anchor
EPI_ISL_19606061,black_vulture,2022-05-24,USA,american_anchor
EPI_ISL_19606063,black_vulture,2022-05-24,USA,american_anchor
EPI_ISL_19606215,black_vulture,2022-05-05,USA,american_anchor
EPI_ISL_19606218,black_vulture,2022-05-12,USA,american_anchor
EPI_ISL_19606219,black_vulture,2022-06-03,USA,american_anchor
EPI_ISL_19606224,black_vulture,2022-06-10,USA,american_anchor
EPI_ISL_19606225,black_vulture,2022-06-10,USA,american_anchor
EPI_ISL_19606227,black_vulture,2022-06-07,USA,american_anchor
EPI_ISL_19606228,black_vulture,2022-07-08,USA,american_anchor
EPI_ISL_19606229,black_vulture,2022-07-08,USA,american_anchor
EPI_ISL_19606188,black_vulture,2022-05-10,USA,american_anchor
EPI_ISL_19606338,black_vulture,2022-06-30,USA,american_anchor
EPI_ISL_19606339,black_vulture,2022-06-30,USA,american_anchor
EPI_ISL_19606340,black_vulture,2022-06-30,USA,american_anchor
EPI_ISL_18760071,brown-hooded_gull,2023-04-04,LosRios,regional_context
EPI_ISL_18760072,brown-hooded_gull,2023-04-04,LosRios,regional_context
EPI_ISL_17660074,brown_booby,2022-11-11,Peru,regional_context
EPI_ISL_20300014,brown_skua,2025-01-08,Antarctica,regional_context
EPI_ISL_20300015,brown_skua,2025-01-09,Antarctica,regional_context
EPI_ISL_20300016,brown_skua,2025-01-09,Antarctica,regional_context
EPI_ISL_20300017,brown_skua,2025-01-09,Antarctica,regional_context
EPI_ISL_20300018,brown_skua,2025-01-09,Antarctica,regional_context
EPI_ISL_20300019,brown_skua,2025-01-13,Antarctica,regional_context
EPI_ISL_19418491,buff-necked_ibis,2023-04-07,Chile,regional_context
EPI_ISL_19391458,burmeisters_porpoise,2023-03-31,Chile,regional_context
EPI_ISL_19606398,canada_goose,2022-07-05,USA,american_anchor
EPI_ISL_19606401,canada_goose,2022-07-20,USA,american_anchor
EPI_ISL_19606402,canada_goose,2022-07-20,USA,american_anchor
EPI_ISL_19606403,canada_goose,2022-07-20,USA,american_anchor
EPI_ISL_19606404,canada_goose,2022-07-25,USA,american_anchor
EPI_ISL_19606405,canada_goose,2022-08-01,USA,american_anchor
EPI_ISL_19606532,canada_goose,2022-07-14,USA,american_anchor
EPI_ISL_19607750,canada_goose,2022-05-17,USA,american_anchor
EPI_ISL_19607853,canada_goose,2022-05-09,USA,american_anchor
EPI_ISL_19607856,canada_goose,2022-05-09,USA,american_anchor
EPI_ISL_19607802,canada_goose,2022-06-14,USA,american_anchor
EPI_ISL_19607806,canada_goose,2022-01-01,USA,american_anchor
EPI_ISL_19607658,canada_goose,2022-07-20,USA,american_anchor
EPI_ISL_19607812,canada_goose,2022-06-26,USA,american_anchor
EPI_ISL_19607813,canada_goose,2022-06-26,USA,american_anchor
EPI_ISL_19607632,canada_goose,2022-01-01,USA,american_anchor
EPI_ISL_19607722,canada_goose,2022-06-10,USA,american_anchor
EPI_ISL_19607723,canada_goose,2022-06-23,USA,american_anchor
EPI_ISL_19607724,canada_goose,2022-07-01,USA,american_anchor
EPI_ISL_19607725,canada_goose,2022-07-05,USA,american_anchor
EPI_ISL_19607727,canada_goose,2022-07-08,USA,american_anchor
EPI_ISL_19607729,canada_goose,2022-08-01,USA,american_anchor
EPI_ISL_19718377,canada_goose,2022-01-01,USA,american_anchor
EPI_ISL_19607696,canada_goose,2022-05-18,USA,american_anchor
EPI_ISL_19608036,canada_goose,2022-04-26,USA,american_anchor
EPI_ISL_19608069,canada_goose,2022-05-11,USA,american_anchor
EPI_ISL_19608070,canada_goose,2022-05-09,USA,american_anchor
EPI_ISL_19608077,canada_goose,2022-05-23,USA,american_anchor
EPI_ISL_19608080,canada_goose,2022-05-26,USA,american_anchor
EPI_ISL_19608081,canada_goose,2022-05-26,USA,american_anchor
EPI_ISL_19608084,canada_goose,2022-05-23,USA,american_anchor
EPI_ISL_19608046,canada_goose,2022-01-01,USA,american_anchor
EPI_ISL_18760065,caracara,2023-03-15,Chile,regional_context
EPI_ISL_19608056,caspian_tern,2022-06-06,USA,american_anchor
EPI_ISL_19608057,caspian_tern,2022-07-07,USA,american_anchor
EPI_ISL_19608059,caspian_tern,2022-07-27,USA,american_anchor
EPI_ISL_19608060,caspian_tern,2022-06-02,USA,american_anchor
EPI_ISL_19608141,caspian_tern,2022-06-02,USA,american_anchor
EPI_ISL_19608091,caspian_tern,2022-06-02,USA,american_anchor
EPI_ISL_17885958,chicken,2023-02-28,Chile,regional_context
EPI_ISL_17885954,chicken,2023-03-02,Chile,regional_context
EPI_ISL_17885952,chicken,2023-03-02,Chile,regional_context
EPI_ISL_17885949,chicken,2023-03-07,Chile,regional_context
EPI_ISL_17885946,chicken,2023-03-14,Chile,regional_context
EPI_ISL_17885945,chicken,2023-03-14,Chile,regional_context
EPI_ISL_18760073,chicken,2023-03-25,Chile,regional_context
EPI_ISL_18760074,chicken,2023-02-04,Chile,regional_context
EPI_ISL_19404916,chicken,2023-04-19,Chile,regional_context
EPI_ISL_18760064,chicken,2023-04-09,Chile,regional_context
EPI_ISL_18760068,chicken,2023-04-09,Chile,regional_context
EPI_ISL_17353507,chicken,2022-11-08,Colombia,regional_context
EPI_ISL_19752381,chicken,2025-02-06,Argentina,regional_context
EPI_ISL_20444504,chicken,2023-03-06,Chile,regional_context
EPI_ISL_20444503,chicken,2023-03-07,Chile,regional_context
EPI_ISL_20444502,chicken,2023-03-12,Chile,regional_context
EPI_ISL_20444501,chicken,2023-03-12,Chile,regional_context
EPI_ISL_20444500,chicken,2023-03-12,Chile,regional_context
EPI_ISL_20444499,chicken,2023-03-13,Chile,regional_context
EPI_ISL_20444505,chicken,2023-03-10,Chile,regional_context
EPI_ISL_20444498,chicken,2023-03-10,Chile,regional_context
EPI_ISL_20444496,chicken,2023-03-10,Chile,regional_context
EPI_ISL_20444495,chicken,2023-03-10,Chile,regional_context
EPI_ISL_20444494,chicken,2023-03-15,Chile,regional_context
EPI_ISL_20444493,chicken,2023-03-18,Chile,regional_context
EPI_ISL_20444492,chicken,2023-03-16,Chile,regional_context
EPI_ISL_20444491,chicken,2023-03-18,Chile,regional_context
EPI_ISL_20444457,chicken,2023-03-18,Chile,regional_context
EPI_ISL_20444456,chicken,2023-03-18,Chile,regional_context
EPI_ISL_20444455,chicken,2023-03-22,Chile,regional_context
EPI_ISL_20444454,chicken,2023-03-22,Chile,regional_context
EPI_ISL_20444438,chicken,2023-03-30,Chile,regional_context
EPI_ISL_20444439,chicken,2023-04-05,Chile,regional_context
EPI_ISL_20444440,chicken,2023-04-07,Chile,regional_context
EPI_ISL_20444441,chicken,2023-04-07,Chile,regional_context
EPI_ISL_20444442,chicken,2023-04-07,Chile,regional_context
EPI_ISL_20444443,chicken,2023-04-07,Chile,regional_context
EPI_ISL_20444444,chicken,2023-04-12,Chile,regional_context
EPI_ISL_20444445,chicken,2023-04-12,Chile,regional_context
EPI_ISL_20444446,chicken,2023-04-12,Chile,regional_context
EPI_ISL_20444447,chicken,2023-04-12,Chile,regional_context
EPI_ISL_20444448,chicken,2023-04-19,Chile,regional_context
EPI_ISL_20444449,chicken,2023-05-09,Chile,regional_context
EPI_ISL_20444450,chicken,2023-06-03,Chile,regional_context
EPI_ISL_20444451,chicken,2023-06-03,Chile,regional_context
EPI_ISL_20444452,chicken,2023-06-03,Chile,regional_context
EPI_ISL_20444453,chicken,2023-06-03,Chile,regional_context
EPI_ISL_17353508,chicken,2022-11-13,Colombia,regional_context
EPI_ISL_17353509,chicken,2022-11-01,Colombia,regional_context
EPI_ISL_19410267,chicken,2023-01-26,Bolivia,regional_context
EPI_ISL_19410268,chicken,2023-02-01,Bolivia,regional_context
EPI_ISL_19410294,chicken,2023-02-02,Bolivia,regional_context
EPI_ISL_19410295,chicken,2023-02-03,Bolivia,regional_context
EPI_ISL_19410269,chicken,2023-02-07,Bolivia,regional_context
EPI_ISL_19410270,chicken,2023-02-17,Bolivia,regional_context
EPI_ISL_19410271,chicken,2023-02-18,Bolivia,regional_context
EPI_ISL_19410272,chicken,2023-03-01,Bolivia,regional_context
EPI_ISL_19410296,chicken,2023-03-03,Bolivia,regional_context
EPI_ISL_19410273,chicken,2023-03-03,Bolivia,regional_context
EPI_ISL_19410274,chicken,2023-03-03,Bolivia,regional_context
EPI_ISL_19418487,chicken,2023-03-03,Bolivia,regional_context
EPI_ISL_19410297,chicken,2023-03-09,Bolivia,regional_context
EPI_ISL_19410298,chicken,2023-05-13,Bolivia,regional_context
EPI_ISL_19797443,chicken,2022-01-01,USA,american_anchor
EPI_ISL_16171332,chicken,2022-04-19,USA,american_anchor
EPI_ISL_19559093,chicken,2022-06-05,USA,american_anchor
EPI_ISL_19559097,chicken,2022-06-05,USA,american_anchor
EPI_ISL_19559105,chicken,2022-06-07,USA,american_anchor
EPI_ISL_17353510,chicken,2022-11-26,Argentina,regional_context
EPI_ISL_11628223,chicken,2022-02-21,USA,american_anchor
EPI_ISL_11628224,chicken,2022-02-21,USA,american_anchor
EPI_ISL_16157545,chicken,2022-11-25,Ecuador,flu_costa
EPI_ISL_16161673,chicken,2022-11-25,Ecuador,flu_costa
EPI_ISL_16161675,chicken,2022-11-25,Ecuador,flu_costa
EPI_ISL_16102931,chicken,2022-04-18,USA,american_anchor
EPI_ISL_16240224,chicken,2022-05-09,USA,american_anchor
EPI_ISL_16240643,chicken,2022-05-10,USA,american_anchor
EPI_ISL_16243894,chicken,2022-05-16,USA,american_anchor
EPI_ISL_16244007,chicken,2022-05-16,USA,american_anchor
EPI_ISL_18132569,chicken,2022-04-14,USA,american_anchor
EPI_ISL_18132557,chicken,2022-04-23,USA,american_anchor
EPI_ISL_18132521,chicken,2022-03-25,USA,american_anchor
EPI_ISL_18132513,chicken,2022-03-31,USA,american_anchor
EPI_ISL_18132579,chicken,2022-04-01,USA,american_anchor
EPI_ISL_11897703,chicken,2022-03-16,USA,american_anchor
EPI_ISL_18132603,chicken,2022-02-11,USA,american_anchor
EPI_ISL_18132607,chicken,2022-02-11,USA,american_anchor
EPI_ISL_17353838,chicken,2022-11-18,Colombia,regional_context
EPI_ISL_11628232,chicken,2022-02-20,USA,american_anchor
EPI_ISL_11897692,chicken,2022-03-11,USA,american_anchor
EPI_ISL_19546783,chicken,2022-06-27,USA,american_anchor
EPI_ISL_18132691,chicken,2022-03-03,USA,american_anchor
EPI_ISL_18132687,chicken,2022-03-03,USA,american_anchor
EPI_ISL_19410280,chicken,2023-04-07,Chile,regional_context
EPI_ISL_18760060,chicken,2023-03-20,Chile,regional_context
EPI_ISL_18132644,chicken,2022-04-25,USA,american_anchor
EPI_ISL_15004413,chicken,2022-04-10,USA,american_anchor
EPI_ISL_16171457,chicken,2022-04-26,USA,american_anchor
EPI_ISL_16240644,chicken,2022-05-10,USA,american_anchor
EPI_ISL_16243981,chicken,2022-05-13,USA,american_anchor
EPI_ISL_11628248,chicken,2022-03-03,USA,american_anchor
EPI_ISL_12567533,chicken,2022-03-24,USA,american_anchor
EPI_ISL_18132633,chicken,2022-03-23,USA,american_anchor
EPI_ISL_19660823,chicken,2022-07-05,USA,american_anchor
EPI_ISL_13433340,chicken,2022-04-04,USA,american_anchor
EPI_ISL_15004381,chicken,2022-04-11,USA,american_anchor
EPI_ISL_18132662,chicken,2022-04-11,USA,american_anchor
EPI_ISL_13052414,chicken,2022-03-30,USA,american_anchor
EPI_ISL_15004385,chicken,2022-04-10,USA,american_anchor
EPI_ISL_16243588,chicken,2022-05-15,USA,american_anchor
EPI_ISL_19560328,chicken,2022-06-03,USA,american_anchor
EPI_ISL_17885878,chicken,2023-02-27,Chile,regional_context
EPI_ISL_17885877,chicken,2023-03-06,Chile,regional_context
EPI_ISL_17885876,chicken,2023-03-08,Chile,regional_context
EPI_ISL_17885874,chicken,2023-03-10,Chile,regional_context
EPI_ISL_17885873,chicken,2023-03-10,Chile,regional_context
EPI_ISL_17885872,chicken,2023-03-12,Chile,regional_context
EPI_ISL_17885871,chicken,2023-03-12,Chile,regional_context
EPI_ISL_17885870,chicken,2023-03-12,Chile,regional_context
EPI_ISL_18690682,chicken,2023-03-16,Chile,regional_context
EPI_ISL_19660819,chicken,2022-07-01,USA,american_anchor
EPI_ISL_19660825,chicken,2022-07-08,USA,american_anchor
EPI_ISL_19660829,chicken,2022-07-12,USA,american_anchor
EPI_ISL_19660839,chicken,2022-07-13,USA,american_anchor
EPI_ISL_16240423,chicken,2022-05-04,USA,american_anchor
EPI_ISL_16243231,chicken,2022-05-13,USA,american_anchor
EPI_ISL_16243610,chicken,2022-05-14,USA,american_anchor
EPI_ISL_19765926,chicken,2022-05-14,USA,american_anchor
EPI_ISL_18132608,chicken,2022-04-25,USA,american_anchor
EPI_ISL_17660070,chicken,2022-11-11,Peru,regional_context
EPI_ISL_17660071,chicken,2022-11-11,Peru,regional_context
EPI_ISL_17660072,chicken,2022-11-11,Peru,regional_context
EPI_ISL_17805987,chicken,2022-11-18,Peru,regional_context
EPI_ISL_17805988,chicken,2022-11-28,Peru,regional_context
EPI_ISL_17805989,chicken,2022-12-01,Peru,regional_context
EPI_ISL_17805990,chicken,2022-12-01,Peru,regional_context
EPI_ISL_17805991,chicken,2022-12-03,Peru,regional_context
EPI_ISL_17805992,chicken,2022-12-03,Peru,regional_context
EPI_ISL_17805986,chicken,2022-12-18,Peru,regional_context
EPI_ISL_17805993,chicken,2022-12-28,Peru,regional_context
EPI_ISL_17805994,chicken,2022-12-22,Peru,regional_context
EPI_ISL_17805996,chicken,2022-12-22,Peru,regional_context
EPI_ISL_17805995,chicken,2022-12-12,Peru,regional_context
EPI_ISL_17806001,chicken,2022-12-12,Peru,regional_context
EPI_ISL_16249681,chicken,2022-11-28,Peru,regional_context
EPI_ISL_16249730,chicken,2022-11-29,Peru,regional_context
EPI_ISL_19410299,chicken,2023-06-06,Bolivia,regional_context
EPI_ISL_16244017,chicken,2022-05-18,USA,american_anchor
EPI_ISL_16101529,chicken,2022-04-14,USA,american_anchor
EPI_ISL_19546771,chicken,2022-06-09,USA,american_anchor
EPI_ISL_19546785,chicken,2022-06-27,USA,american_anchor
EPI_ISL_19546788,chicken,2022-06-27,USA,american_anchor
EPI_ISL_19546789,chicken,2022-06-27,USA,american_anchor
EPI_ISL_18132592,chicken,2022-04-21,USA,american_anchor
EPI_ISL_20433854,chicken,2022-02-11,USA,american_anchor
EPI_ISL_11628212,chicken,2022-02-11,USA,american_anchor
EPI_ISL_16171519,chicken,2022-05-03,USA,american_anchor
EPI_ISL_16240882,chicken,2022-05-10,USA,american_anchor
EPI_ISL_19559132,chicken,2022-05-26,USA,american_anchor
EPI_ISL_19559115,chicken,2022-06-07,USA,american_anchor
EPI_ISL_19546779,chicken,2022-06-17,USA,american_anchor
EPI_ISL_19546780,chicken,2022-06-16,USA,american_anchor
EPI_ISL_19660816,chicken,2022-06-28,USA,american_anchor
EPI_ISL_19660820,chicken,2022-06-29,USA,american_anchor
EPI_ISL_19660831,chicken,2022-07-15,USA,american_anchor
EPI_ISL_11897690,chicken,2022-03-13,USA,american_anchor
EPI_ISL_15004409,chicken,2022-04-11,USA,american_anchor
EPI_ISL_16244026,chicken,2022-05-19,USA,american_anchor
EPI_ISL_16244022,chicken,2022-05-17,USA,american_anchor
EPI_ISL_19391459,chungungo,2023-03-10,Chile,regional_context
EPI_ISL_16641780,common_eider,2022-06-13,USA,american_anchor
EPI_ISL_16641781,common_eider,2022-06-17,USA,american_anchor
EPI_ISL_16641782,common_eider,2022-06-19,USA,american_anchor
EPI_ISL_16641783,common_eider,2022-06-25,USA,american_anchor
EPI_ISL_19608132,common_eider,2022-06-10,USA,american_anchor
EPI_ISL_19608133,common_eider,2022-01-01,USA,american_anchor
EPI_ISL_19608134,common_eider,2022-01-01,USA,american_anchor
EPI_ISL_16632537,common_eider,2022-07-03,USA,american_anchor
EPI_ISL_19608136,common_eider,2022-06-24,USA,american_anchor
EPI_ISL_19608120,common_eider,2022-06-13,USA,american_anchor
EPI_ISL_19608125,common_eider,2022-06-10,USA,american_anchor
EPI_ISL_19608128,common_eider,2022-06-10,USA,american_anchor
EPI_ISL_19608129,common_eider,2022-06-10,USA,american_anchor
EPI_ISL_19608130,common_eider,2022-06-10,USA,american_anchor
EPI_ISL_19608131,common_eider,2022-06-10,USA,american_anchor
EPI_ISL_16632518,common_eider,2022-07-07,USA,american_anchor
EPI_ISL_17885992,common_eider,2022-06-23,USA,american_anchor
EPI_ISL_17885994,common_eider,2022-06-23,USA,american_anchor
EPI_ISL_19158203,common_raven,2022-07-20,USA,american_anchor
EPI_ISL_16641784,common_tern,2022-06-12,USA,american_anchor
EPI_ISL_16641785,common_tern,2022-06-14,USA,american_anchor
EPI_ISL_16641786,common_tern,2022-06-14,USA,american_anchor
EPI_ISL_19608094,common_tern,2022-06-23,USA,american_anchor
EPI_ISL_19608095,common_tern,2022-06-23,USA,american_anchor
EPI_ISL_19608096,common_tern,2022-06-12,USA,american_anchor
EPI_ISL_16632512,common_tern,2022-07-07,USA,american_anchor
EPI_ISL_15214835,common_tern,2022-06-23,USA,american_anchor
EPI_ISL_19608105,coopers_hawk,2022-05-05,USA,american_anchor
EPI_ISL_18777139,dolphin,2023-03-31,Chile,regional_context
EPI_ISL_18777138,dolphin,2023-04-01,Chile,regional_context
EPI_ISL_18054503,dolphin,2022-11-22,Peru,regional_context
EPI_ISL_18265431,dolphin,2022-11-22,Peru,regional_context
EPI_ISL_11971496,domestic_goose,2022-03-22,USA,american_anchor
EPI_ISL_16240161,domestic_goose,2022-05-03,USA,american_anchor
EPI_ISL_16641779,double-crested_cormorant,2022-06-12,USA,american_anchor
EPI_ISL_16632520,double-crested_cormorant,2022-07-12,USA,american_anchor
EPI_ISL_19607892,double_crested_cormorant,2022-06-14,USA,american_anchor
EPI_ISL_19607895,double_crested_cormorant,2022-06-09,USA,american_anchor
EPI_ISL_19607899,double_crested_cormorant,2022-06-01,USA,american_anchor
EPI_ISL_17885963,duck,2023-02-28,Chile,regional_context
EPI_ISL_17885961,duck,2023-03-07,Chile,regional_context
EPI_ISL_17885959,duck,2023-03-14,Chile,regional_context
EPI_ISL_17353839,duck,2022-10-09,Colombia,regional_context
EPI_ISL_19559075,duck,2022-06-03,USA,american_anchor
EPI_ISL_19559077,duck,2022-06-03,USA,american_anchor
EPI_ISL_17885957,duck,2023-03-07,Chile,regional_context
EPI_ISL_19607906,duck,2022-05-23,USA,american_anchor
EPI_ISL_16240353,duck,2022-05-07,USA,american_anchor
EPI_ISL_16240641,duck,2022-05-10,USA,american_anchor
EPI_ISL_19559145,duck,2022-05-26,USA,american_anchor
EPI_ISL_16171465,duck,2022-04-27,USA,american_anchor
EPI_ISL_19660824,duck,2022-07-05,USA,american_anchor
EPI_ISL_16240445,duck,2022-05-08,USA,american_anchor
EPI_ISL_19559139,duck,2022-05-21,USA,american_anchor
EPI_ISL_19560324,duck,2022-05-31,USA,american_anchor
EPI_ISL_18217104,duck,2023-07-24,Peru,regional_context
EPI_ISL_18497946,duck,2023-09-26,Peru,regional_context
EPI_ISL_18497950,duck,2023-09-20,Peru,regional_context
EPI_ISL_16240497,duck,2022-05-09,USA,american_anchor
EPI_ISL_19607918,duck,2022-05-05,USA,american_anchor
EPI_ISL_19559129,duck,2022-05-26,USA,american_anchor
EPI_ISL_19607889,eagle,2022-04-20,USA,american_anchor
EPI_ISL_19607888,eagle,2022-01-01,USA,american_anchor
EPI_ISL_19607875,eared_grebe,2022-06-06,USA,american_anchor
EPI_ISL_19506741,elephant_seal,2023-10-12,Chubut,regional_context
EPI_ISL_19167924,environment,2022-12-13,Chile,regional_context
EPI_ISL_19167925,environment,2022-12-27,Chile,regional_context
EPI_ISL_19167926,environment,2022-12-27,Chile,regional_context
EPI_ISL_20444433,feline,2023-05-29,Chile,regional_context
EPI_ISL_18755251,frigatebird,2023-06-03,Brazil,regional_context
EPI_ISL_9880151,gadwall,2022-01-08,USA,american_anchor
EPI_ISL_19608027,gadwall,2022-01-25,USA,american_anchor
EPI_ISL_19158230,glaucous_gull,2022-06-06,USA,american_anchor
EPI_ISL_19607962,glaucous_gull,2022-07-15,USA,american_anchor
EPI_ISL_19158299,glaucous_gull,2022-07-12,USA,american_anchor
EPI_ISL_19158298,glaucous_gull,2022-07-01,USA,american_anchor
EPI_ISL_17885869,goose,2023-02-28,Chile,regional_context
EPI_ISL_17950994,goose,2023-02-11,Argentina,regional_context
EPI_ISL_20078350,goose,2025-07-03,Brazil,regional_context
EPI_ISL_20444437,goose,2023-03-18,Chile,regional_context
EPI_ISL_20444436,goose,2023-03-22,Chile,regional_context
EPI_ISL_20444435,goose,2023-04-24,Chile,regional_context
EPI_ISL_20444434,goose,2023-05-06,Chile,regional_context
EPI_ISL_18133404,goose,2022-04-01,USA,american_anchor
EPI_ISL_18133398,goose,2022-02-04,USA,american_anchor
EPI_ISL_16243210,goose,2022-05-11,USA,american_anchor
EPI_ISL_19605290,goose,2022-03-14,USA,american_anchor
EPI_ISL_18133386,goose,2022-02-03,USA,american_anchor
EPI_ISL_18133379,goose,2022-03-17,USA,american_anchor
EPI_ISL_18133370,goose,2022-03-17,USA,american_anchor
EPI_ISL_16171485,goose,2022-04-28,USA,american_anchor
EPI_ISL_18133443,goose,2022-03-15,USA,american_anchor
EPI_ISL_16171522,goose,2022-05-02,USA,american_anchor
EPI_ISL_18133438,goose,2022-03-14,USA,american_anchor
EPI_ISL_18133396,goose,2022-03-14,USA,american_anchor
EPI_ISL_19605246,goose,2022-06-08,USA,american_anchor
EPI_ISL_19605248,goose,2022-06-08,USA,american_anchor
EPI_ISL_19559112,goose,2022-06-07,USA,american_anchor
EPI_ISL_19660833,goose,2022-07-15,USA,american_anchor
EPI_ISL_19410281,gray_gull,2023-02-23,Chile,regional_context
EPI_ISL_19404913,gray_gull,2023-02-07,Chile,regional_context
EPI_ISL_16891400,gray_gull,2022-12-02,Chile,regional_context
EPI_ISL_16641790,great_black-backed_gull,2022-06-25,USA,american_anchor
EPI_ISL_16641789,great_black-backed_gull,2022-06-15,USA,american_anchor
EPI_ISL_16632511,great_black-backed_gull,2022-06-29,USA,american_anchor
EPI_ISL_16632505,great_black-backed_gull,2022-03-25,USA,american_anchor
EPI_ISL_16632517,great_black-backed_gull,2022-07-08,USA,american_anchor
EPI_ISL_16632519,great_black-backed_gull,2022-06-30,USA,american_anchor
EPI_ISL_19607355,great_black_backed_gull,2022-06-10,USA,american_anchor
EPI_ISL_19607360,great_black_backed_gull,2022-06-23,USA,american_anchor
EPI_ISL_19607363,great_blue_heron,2022-06-27,USA,american_anchor
EPI_ISL_19131195,great_grebe,2023-01-09,Chile,regional_context
EPI_ISL_19131196,great_grebe,2023-01-09,Chile,regional_context
EPI_ISL_19607325,great_horned_owl,2022-05-12,USA,american_anchor
EPI_ISL_19607400,great_horned_owl,2022-04-25,USA,american_anchor
EPI_ISL_19607403,great_horned_owl,2022-06-11,USA,american_anchor
EPI_ISL_19607412,great_horned_owl,2022-05-25,USA,american_anchor
EPI_ISL_16641778,great_horned_owl,2022-03-03,USA,american_anchor
EPI_ISL_16632506,great_horned_owl,2022-05-02,USA,american_anchor
EPI_ISL_16632507,great_horned_owl,2022-05-02,USA,american_anchor
EPI_ISL_19607392,great_horned_owl,2022-06-14,USA,american_anchor
EPI_ISL_19607381,great_horned_owl,2022-05-03,USA,american_anchor
EPI_ISL_19607384,great_horned_owl,2022-05-03,USA,american_anchor
EPI_ISL_19607317,great_horned_owl,2022-05-09,USA,american_anchor
EPI_ISL_19607315,great_horned_owl,2022-05-09,USA,american_anchor
EPI_ISL_19607246,great_horned_owl,2022-05-03,USA,american_anchor
EPI_ISL_19607261,great_horned_owl,2022-05-12,USA,american_anchor
EPI_ISL_19607251,great_horned_owl,2022-05-19,USA,american_anchor
EPI_ISL_19607252,great_horned_owl,2022-01-01,USA,american_anchor
EPI_ISL_19607259,great_horned_owl,2022-05-27,USA,american_anchor
EPI_ISL_19607260,great_horned_owl,2022-06-09,USA,american_anchor
EPI_ISL_19607213,great_horned_owl,2022-05-12,USA,american_anchor
EPI_ISL_19607221,great_horned_owl,2022-05-26,USA,american_anchor
EPI_ISL_19607302,great_horned_owl,2022-04-24,USA,american_anchor
EPI_ISL_19607310,great_horned_owl,2022-05-02,USA,american_anchor
EPI_ISL_19607289,great_horned_owl,2022-05-01,USA,american_anchor
EPI_ISL_19151400,guanay_cormorant,2023-02-05,Chile,regional_context
EPI_ISL_17777530,guanay_cormorant,2023-03-17,Peru,regional_context
EPI_ISL_18054500,guanay_cormorant,2022-11-24,Peru,regional_context
EPI_ISL_13009634,guinea_fowl,2022-03-25,USA,american_anchor
EPI_ISL_19546778,guinea_fowl,2022-06-17,USA,american_anchor
EPI_ISL_19607418,gull,2022-06-06,USA,american_anchor
EPI_ISL_19410300,gull,2023-02-15,Chile,regional_context
EPI_ISL_16632510,gull,2022-07-08,USA,american_anchor
EPI_ISL_18777130,gull,2023-01-26,Chile,regional_context
EPI_ISL_17777527,gull,2023-03-16,Peru,regional_context
EPI_ISL_17885969,heron,2022-12-20,Chile,regional_context
EPI_ISL_16641770,herring_gull,2022-03-07,USA,american_anchor
EPI_ISL_19607544,herring_gull,2022-06-24,USA,american_anchor
EPI_ISL_19607545,herring_gull,2022-06-24,USA,american_anchor
EPI_ISL_19607551,herring_gull,2022-06-10,USA,american_anchor
EPI_ISL_16632522,herring_gull,2022-07-14,USA,american_anchor
EPI_ISL_19607546,herring_gull,2022-05-23,USA,american_anchor
EPI_ISL_19607631,herring_gull,2022-07-07,USA,american_anchor
EPI_ISL_19607614,herring_gull,2022-05-04,USA,american_anchor
EPI_ISL_19607621,hooded_merganser,2022-04-27,USA,american_anchor
EPI_ISL_19607627,horned_grebe,2022-06-03,USA,american_anchor
EPI_ISL_17885947,humboldt_penguin,2023-02-23,Chile,regional_context
EPI_ISL_19410282,kelp_gull,2023-01-19,Chile,regional_context
EPI_ISL_19404906,kelp_gull,2023-02-09,Chile,regional_context
EPI_ISL_17805999,lion,2023-02-08,Peru,regional_context
EPI_ISL_19158286,mallard,2022-06-07,USA,american_anchor
EPI_ISL_19158285,mallard,2022-06-08,USA,american_anchor
EPI_ISL_9880019,mallard,2022-01-08,USA,american_anchor
EPI_ISL_19604096,mallard,2022-01-25,USA,american_anchor
EPI_ISL_19604074,mallard,2022-01-25,USA,american_anchor
EPI_ISL_19604073,mallard,2022-01-25,USA,american_anchor
EPI_ISL_19604072,mallard,2022-01-25,USA,american_anchor
EPI_ISL_19604050,mallard,2022-01-30,USA,american_anchor
EPI_ISL_19604051,mallard,2022-01-31,USA,american_anchor
EPI_ISL_18107030,mallard_duck,2022-01-25,USA,american_anchor
EPI_ISL_18107047,mallard_duck,2022-01-25,USA,american_anchor
EPI_ISL_18107048,mallard_duck,2022-01-30,USA,american_anchor
EPI_ISL_18107050,mallard_duck,2022-01-31,USA,american_anchor
EPI_ISL_19418467,marine_otter,2023-09-28,Chile,regional_context
EPI_ISL_19418468,marine_otter,2023-09-28,Chile,regional_context
EPI_ISL_19604143,merganser,2022-01-01,USA,american_anchor
EPI_ISL_19604185,merganser,2022-03-21,USA,american_anchor
EPI_ISL_19604309,merganser,2022-04-13,USA,american_anchor
EPI_ISL_19604318,muscovy_duck,2022-05-11,USA,american_anchor
EPI_ISL_19064387,muscovy_duck,2022-01-01,USA,american_anchor
EPI_ISL_16641799,northern_gannet,2022-05-10,USA,american_anchor
EPI_ISL_9880152,northern_shoveler,2022-01-08,USA,american_anchor
EPI_ISL_19604340,owl,2022-05-06,USA,american_anchor
EPI_ISL_19604341,owl,2022-05-06,USA,american_anchor
EPI_ISL_17660073,owl,2022-11-11,Peru,regional_context
EPI_ISL_17885928,pelican,2022-12-16,Chile,regional_context
EPI_ISL_18760061,pelican,2023-02-13,Chile,regional_context
EPI_ISL_19391461,pelican,2022-12-22,Chile,regional_context
EPI_ISL_19604233,pelican,2022-04-12,USA,american_anchor
EPI_ISL_17806000,pelican,2022-11-10,Peru,regional_context
EPI_ISL_17806002,pelican,2022-11-16,Peru,regional_context
EPI_ISL_17806003,pelican,2022-11-22,Peru,regional_context
EPI_ISL_18054504,pelican,2022-11-23,Peru,regional_context
EPI_ISL_18054506,pelican,2022-11-24,Peru,regional_context
EPI_ISL_18054507,pelican,2022-11-24,Peru,regional_context
EPI_ISL_18265433,pelican,2022-11-23,Peru,regional_context
EPI_ISL_18265437,pelican,2022-11-24,Peru,regional_context
EPI_ISL_18265435,pelican,2022-11-24,Peru,regional_context
EPI_ISL_18265436,pelican,2022-11-24,Peru,regional_context
EPI_ISL_17885930,pelican,2023-01-20,Chile,regional_context
EPI_ISL_17885956,pelican,2023-01-20,Chile,regional_context
EPI_ISL_17885932,pelican,2023-01-20,Chile,regional_context
EPI_ISL_17885985,pelican,2023-01-21,Chile,regional_context
EPI_ISL_17885983,pelican,2023-01-23,Chile,regional_context
EPI_ISL_17885982,pelican,2023-01-25,Chile,regional_context
EPI_ISL_19410283,peregrine_falcon,2023-02-03,Chile,regional_context
EPI_ISL_16641791,peregrine_falcon,2022-06-16,USA,american_anchor
EPI_ISL_16641792,peregrine_falcon,2022-06-22,USA,american_anchor
EPI_ISL_19604223,peregrine_falcon,2022-06-10,USA,american_anchor
EPI_ISL_19604224,peregrine_falcon,2022-06-10,USA,american_anchor
EPI_ISL_19604226,peregrine_falcon,2022-06-26,USA,american_anchor
EPI_ISL_19604195,peregrine_falcon,2022-03-08,USA,american_anchor
EPI_ISL_19604198,peregrine_falcon,2022-05-10,USA,american_anchor
EPI_ISL_19410277,peruvian_booby,2023-03-15,Chile,regional_context
EPI_ISL_17777528,peruvian_booby,2023-03-17,Peru,regional_context
EPI_ISL_17777529,peruvian_booby,2023-03-17,Peru,regional_context
EPI_ISL_17777525,peruvian_booby,2023-04-03,Peru,regional_context
EPI_ISL_17777526,peruvian_booby,2023-03-20,Peru,regional_context
EPI_ISL_17777533,peruvian_booby,2023-04-12,Peru,regional_context
EPI_ISL_11971502,pheasant,2022-03-25,USA,american_anchor
EPI_ISL_19070481,pinniped,2023-09-08,Uruguay,regional_context
EPI_ISL_19070482,pinniped,2023-09-11,Uruguay,regional_context
EPI_ISL_19070483,pinniped,2023-09-11,Uruguay,regional_context
EPI_ISL_19070484,pinniped,2023-09-14,Uruguay,regional_context
EPI_ISL_19070485,pinniped,2023-09-14,Uruguay,regional_context
EPI_ISL_19070486,pinniped,2023-09-14,Uruguay,regional_context
EPI_ISL_19070488,pinniped,2023-10-02,Uruguay,regional_context
EPI_ISL_19070498,pinniped,2023-09-06,Uruguay,regional_context
EPI_ISL_19070489,pinniped,2023-09-06,Uruguay,regional_context
EPI_ISL_19070490,pinniped,2023-09-06,Uruguay,regional_context
EPI_ISL_19070491,pinniped,2023-09-06,Uruguay,regional_context
EPI_ISL_19070492,pinniped,2023-09-08,Uruguay,regional_context
EPI_ISL_18777129,porpoise,2023-03-31,Chile,regional_context
EPI_ISL_18777141,porpoise,2023-03-31,Chile,regional_context
EPI_ISL_18777140,porpoise,2023-03-27,Chile,regional_context
EPI_ISL_19604236,raven,2022-05-19,USA,american_anchor
EPI_ISL_19158258,red-necked_grebe,2022-06-06,USA,american_anchor
EPI_ISL_15077375,red-shouldered_hawk,2022-04-18,USA,american_anchor
EPI_ISL_15614807,red-tailed_hawk,2022-03-14,USA,american_anchor
EPI_ISL_16641767,red-tailed_hawk,2022-03-06,USA,american_anchor
EPI_ISL_16641793,red-tailed_hawk,2022-03-18,USA,american_anchor
EPI_ISL_16641787,red-tailed_hawk,2022-06-21,USA,american_anchor
EPI_ISL_16641788,red-tailed_hawk,2022-06-21,USA,american_anchor
EPI_ISL_16632496,red-tailed_hawk,2022-03-17,USA,american_anchor
EPI_ISL_19605708,red_tailed_hawk,2022-06-09,USA,american_anchor
EPI_ISL_19605778,red_tailed_hawk,2022-06-30,USA,american_anchor
EPI_ISL_19605828,red_tailed_hawk,2022-04-25,USA,american_anchor
EPI_ISL_19605829,red_tailed_hawk,2022-04-28,USA,american_anchor
EPI_ISL_19605833,red_tailed_hawk,2022-05-03,USA,american_anchor
EPI_ISL_19605840,red_tailed_hawk,2022-05-03,USA,american_anchor
EPI_ISL_19605804,red_tailed_hawk,2022-01-01,USA,american_anchor
EPI_ISL_19605810,red_tailed_hawk,2022-05-05,USA,american_anchor
EPI_ISL_19605811,red_tailed_hawk,2022-05-12,USA,american_anchor
EPI_ISL_19605601,red_tailed_hawk,2022-05-02,USA,american_anchor
EPI_ISL_19605608,red_tailed_hawk,2022-06-10,USA,american_anchor
EPI_ISL_19605609,red_tailed_hawk,2022-06-10,USA,american_anchor
EPI_ISL_19605479,red_tailed_hawk,2022-05-18,USA,american_anchor
EPI_ISL_15063669,ring-billed_gull,2022-03-07,USA,american_anchor
EPI_ISL_19418489,river_otter,2023-05-22,Magallanes,regional_context
EPI_ISL_19605692,rosss_goose,2022-04-28,USA,american_anchor
EPI_ISL_19466181,royal_tern,2023-10-10,Argentina,regional_context
EPI_ISL_16641764,sanderling,2022-03-01,USA,american_anchor
EPI_ISL_16641765,sanderling,2022-03-02,USA,american_anchor
EPI_ISL_16641766,sanderling,2022-03-06,USA,american_anchor
EPI_ISL_16641768,sanderling,2022-03-06,USA,american_anchor
EPI_ISL_16641769,sanderling,2022-03-07,USA,american_anchor
EPI_ISL_16641774,sanderling,2022-03-18,USA,american_anchor
EPI_ISL_16641776,sanderling,2022-03-04,USA,american_anchor
EPI_ISL_16641777,sanderling,2022-03-03,USA,american_anchor
EPI_ISL_18054501,sanderling,2022-11-22,Peru,regional_context
EPI_ISL_17885976,sea_lion,2023-03-01,Chile,regional_context
EPI_ISL_19391462,sea_lion,2023-03-13,Chile,regional_context
EPI_ISL_18690733,sea_lion,2023-03-26,Chile,regional_context
EPI_ISL_18773644,sea_lion,2023-10-12,Brazil,regional_context
EPI_ISL_18773660,sea_lion,2023-10-12,Brazil,regional_context
EPI_ISL_19506740,sea_lion,2023-09-21,Chubut,regional_context
EPI_ISL_19506738,sea_lion,2023-09-29,Chubut,regional_context
EPI_ISL_19506739,sea_lion,2023-08-29,Chubut,regional_context
EPI_ISL_19404920,sea_lion,2023-04-09,LosLagos,regional_context
EPI_ISL_18054508,sea_lion,2023-01-25,Peru,regional_context
EPI_ISL_18054509,sea_lion,2023-02-07,Peru,regional_context
EPI_ISL_18054510,sea_lion,2023-03-06,Peru,regional_context
EPI_ISL_17777531,sea_lion,2023-03-07,Peru,regional_context
EPI_ISL_17777532,sea_lion,2023-03-07,Peru,regional_context
EPI_ISL_17885975,sea_lion,2023-03-07,Chile,regional_context
EPI_ISL_19410279,sea_lion,2023-03-30,Chile,regional_context
EPI_ISL_20058855,sea_lion,2023-11-23,Uruguay,regional_context
EPI_ISL_18760069,sea_lion,2023-03-19,Chile,regional_context
EPI_ISL_19070494,seabird,2023-09-14,Uruguay,regional_context
EPI_ISL_19070495,seabird,2023-10-04,Uruguay,regional_context
EPI_ISL_19070496,seabird,2023-10-04,Uruguay,regional_context
EPI_ISL_19070497,seabird,2023-10-04,Uruguay,regional_context
EPI_ISL_19605630,sharp_shinned_hawk,2022-05-10,USA,american_anchor
EPI_ISL_19605631,short_billed_gull,2022-06-14,USA,american_anchor
EPI_ISL_15063845,snow_goose,2022-03-04,USA,american_anchor
EPI_ISL_14937099,snow_goose,2022-03-14,USA,american_anchor
EPI_ISL_14937102,snow_goose,2022-03-12,USA,american_anchor
EPI_ISL_19605938,snow_goose,2022-01-01,USA,american_anchor
EPI_ISL_19605940,snow_goose,2022-01-01,USA,american_anchor
EPI_ISL_19605941,snow_goose,2022-01-01,USA,american_anchor
EPI_ISL_19605084,snow_goose,2022-04-28,USA,american_anchor
EPI_ISL_19718388,snow_goose,2022-01-01,USA,american_anchor
EPI_ISL_16641796,snowy_owl,2022-02-07,USA,american_anchor
EPI_ISL_16641797,snowy_owl,2022-03-20,USA,american_anchor
EPI_ISL_16641798,snowy_owl,2022-04-10,USA,american_anchor
EPI_ISL_19605057,snowy_owl,2022-04-01,USA,american_anchor
EPI_ISL_18265423,south_american_sea_lion,2023-01-25,Peru,regional_context
EPI_ISL_18265321,south_american_sea_lion,2023-02-07,Peru,regional_context
EPI_ISL_18265422,south_american_sea_lion,2023-03-06,Peru,regional_context
EPI_ISL_19466183,southern_elephant_seal,2023-10-10,Argentina,regional_context
EPI_ISL_19466252,southern_elephant_seal,2023-11-01,Argentina,regional_context
EPI_ISL_19605138,swan,2022-01-01,USA,american_anchor
EPI_ISL_18755338,tern,2023-05-15,Brazil,regional_context
EPI_ISL_17885966,turkey,2023-03-14,Chile,regional_context
EPI_ISL_9909371,turkey,2022-02-07,USA,american_anchor
EPI_ISL_11628219,turkey,2022-02-14,USA,american_anchor
EPI_ISL_11628220,turkey,2022-02-14,USA,american_anchor
EPI_ISL_11628226,turkey,2022-02-16,USA,american_anchor
EPI_ISL_11628227,turkey,2022-02-18,USA,american_anchor
EPI_ISL_11628235,turkey,2022-02-21,USA,american_anchor
EPI_ISL_11628237,turkey,2022-02-21,USA,american_anchor
EPI_ISL_11628240,turkey,2022-02-28,USA,american_anchor
EPI_ISL_18132254,turkey,2022-02-07,USA,american_anchor
EPI_ISL_18132282,turkey,2022-02-14,USA,american_anchor
EPI_ISL_18132250,turkey,2022-02-14,USA,american_anchor
EPI_ISL_18132242,turkey,2022-02-14,USA,american_anchor
EPI_ISL_18132238,turkey,2022-02-16,USA,american_anchor
EPI_ISL_18132234,turkey,2022-02-18,USA,american_anchor
EPI_ISL_18132228,turkey,2022-02-21,USA,american_anchor
EPI_ISL_18132222,turkey,2022-02-28,USA,american_anchor
EPI_ISL_13052420,turkey,2022-03-31,USA,american_anchor
EPI_ISL_15078238,turkey,2022-04-20,USA,american_anchor
EPI_ISL_18132743,turkey,2022-03-29,USA,american_anchor
EPI_ISL_18132726,turkey,2022-04-04,USA,american_anchor
EPI_ISL_11628216,turkey,2022-02-12,USA,american_anchor
EPI_ISL_11628217,turkey,2022-02-12,USA,american_anchor
EPI_ISL_18132703,turkey,2022-02-12,USA,american_anchor
EPI_ISL_13285540,turkey,2022-04-02,USA,american_anchor
EPI_ISL_15004066,turkey,2022-04-06,USA,american_anchor
EPI_ISL_15004387,turkey,2022-04-09,USA,american_anchor
EPI_ISL_16102229,turkey,2022-04-15,USA,american_anchor
EPI_ISL_18132719,turkey,2022-03-26,USA,american_anchor
EPI_ISL_18132649,turkey,2022-04-12,USA,american_anchor
EPI_ISL_18132645,turkey,2022-04-15,USA,american_anchor
EPI_ISL_18132641,turkey,2022-04-17,USA,american_anchor
EPI_ISL_18132756,turkey,2022-04-27,USA,american_anchor
EPI_ISL_13052425,turkey,2022-03-31,USA,american_anchor
EPI_ISL_18132748,turkey,2022-03-08,USA,american_anchor
EPI_ISL_13009677,turkey,2022-03-27,USA,american_anchor
EPI_ISL_13285243,turkey,2022-03-31,USA,american_anchor
EPI_ISL_13432610,turkey,2022-03-31,USA,american_anchor
EPI_ISL_13432612,turkey,2022-04-04,USA,american_anchor
EPI_ISL_18132816,turkey,2022-03-27,USA,american_anchor
EPI_ISL_18132883,turkey,2022-03-31,USA,american_anchor
EPI_ISL_18132874,turkey,2022-03-31,USA,american_anchor
EPI_ISL_18132859,turkey,2022-03-31,USA,american_anchor
EPI_ISL_18132835,turkey,2022-04-01,USA,american_anchor
EPI_ISL_17885964,turkey,2023-03-07,Chile,regional_context
EPI_ISL_17885962,turkey,2023-03-10,Chile,regional_context
EPI_ISL_11897689,turkey,2022-03-11,USA,american_anchor
EPI_ISL_11971467,turkey,2022-03-17,USA,american_anchor
EPI_ISL_11971482,turkey,2022-03-21,USA,american_anchor
EPI_ISL_12690325,turkey,2022-03-26,USA,american_anchor
EPI_ISL_12691030,turkey,2022-03-28,USA,american_anchor
EPI_ISL_13009652,turkey,2022-03-29,USA,american_anchor
EPI_ISL_13052424,turkey,2022-03-31,USA,american_anchor
EPI_ISL_13433435,turkey,2022-04-04,USA,american_anchor
EPI_ISL_13433447,turkey,2022-04-04,USA,american_anchor
EPI_ISL_16171512,turkey,2022-05-02,USA,american_anchor
EPI_ISL_18132770,turkey,2022-03-21,USA,american_anchor
EPI_ISL_18132766,turkey,2022-03-21,USA,american_anchor
EPI_ISL_18132754,turkey,2022-03-22,USA,american_anchor
EPI_ISL_18132746,turkey,2022-03-23,USA,american_anchor
EPI_ISL_18132782,turkey,2022-03-28,USA,american_anchor
EPI_ISL_18132785,turkey,2022-03-28,USA,american_anchor
EPI_ISL_18132857,turkey,2022-03-29,USA,american_anchor
EPI_ISL_18132845,turkey,2022-03-31,USA,american_anchor
EPI_ISL_18132827,turkey,2022-04-04,USA,american_anchor
EPI_ISL_18132805,turkey,2022-04-04,USA,american_anchor
EPI_ISL_19660828,turkey,2022-07-11,USA,american_anchor
EPI_ISL_19660843,turkey,2022-07-18,USA,american_anchor
EPI_ISL_18760063,turkey,2023-03-29,Chile,regional_context
EPI_ISL_19410284,turkey,2023-03-30,Chile,regional_context
EPI_ISL_19410285,turkey,2023-03-30,Chile,regional_context
EPI_ISL_19410286,turkey,2023-03-30,Chile,regional_context
EPI_ISL_19404902,turkey,2023-04-13,Chile,regional_context
EPI_ISL_19404939,turkey,2023-04-13,Chile,regional_context
EPI_ISL_19560327,turkey,2022-05-29,USA,american_anchor
EPI_ISL_16171460,turkey,2022-04-26,USA,american_anchor
EPI_ISL_16171506,turkey,2022-04-30,USA,american_anchor
EPI_ISL_16240162,turkey,2022-05-04,USA,american_anchor
EPI_ISL_16243221,turkey,2022-05-11,USA,american_anchor
EPI_ISL_18132258,turkey_Vulture,2022-04-12,USA,american_anchor
EPI_ISL_19604851,turkey_vulture,2022-05-04,USA,american_anchor
EPI_ISL_19604848,turkey_vulture,2022-05-02,USA,american_anchor
EPI_ISL_19604805,turkey_vulture,2022-06-21,USA,american_anchor
EPI_ISL_19604843,turkey_vulture,2022-04-25,USA,american_anchor
EPI_ISL_19604825,turkey_vulture,2022-01-01,USA,american_anchor
EPI_ISL_19604820,turkey_vulture,2022-07-25,USA,american_anchor
EPI_ISL_19604882,vulture,2022-01-01,USA,american_anchor
EPI_ISL_19604889,vulture,2022-01-01,USA,american_anchor
EPI_ISL_17885960,whimbrel,2023-03-05,Chile,regional_context
EPI_ISL_17885987,whimbrel,2023-03-05,Chile,regional_context
EPI_ISL_17973443,wildbird-Fregata-magnificens,2023-01-11,Ecuador,flu_costa
EPI_ISL_17973458,wildbird-Fregata-magnificens,2023-01-11,Ecuador,flu_costa
EPI_ISL_18137626,wildbird-Sula-nebouxii,2023-05-18,Ecuador,flu_costa
EPI_ISL_18137671,wildbird-Sula-nebouxii,2023-05-18,Ecuador,flu_costa
EPI_ISL_19605219,wood_duck,2022-06-14,USA,american_anchor
EPI_ISL_19605190,wood_duck,2022-04-21,USA,american_anchor
EPI_ISL_19605197,wood_duck,2022-05-02,USA,american_anchor
EPI_ISL_19605198,wood_duck,2022-05-03,USA,american_anchor
