label,id,type_c,date
Flu-0316/Cotopaxi/2023-07-28,Flu-0316,flu_sierra,2023-07-28
Flu-0317/Cotopaxi/2023-07-28,Flu-0317,flu_sierra,2023-07-28
Flu-0580/Cotopaxi/2022-11-25,Flu-0580,flu_sierra,2022-11-25
Flu-0406/Guayas/2023-10-31,Flu-0406,flu_epi_isl,2023-10-31
APelecanus_thagusPeruLIM-QUIM0062023_EPI_ISL_19781426__regional_context/Peru/2023-02-10,APelecanus_thagusPeruLIM-QUIM0062023_EPI_ISL_19781426,regional_context,2023-02-10
ApelicanPeruAIS05382022_EPI_ISL_17806000__regional_context/Peru/2022-11-10,ApelicanPeruAIS05382022_EPI_ISL_17806000,regional_context,2022-11-10
ASanderlingPeruPIU-SER0052022_EPI_ISL_18265432__regional_context/Peru/2022-11-22,ASanderlingPeruPIU-SER0052022_EPI_ISL_18265432,regional_context,2022-11-22
AsanderlingPeruPIU-0052022_EPI_ISL_18054501__regional_context/Peru/2022-11-22,AsanderlingPeruPIU-0052022_EPI_ISL_18054501,regional_context,2022-11-22
AGuanay_cormorantPeruPIU-SER0242022_EPI_ISL_18265434__regional_context/Peru/2022-11-24,AGuanay_cormorantPeruPIU-SER0242022_EPI_ISL_18265434,regional_context,2022-11-24
Aguanay_cormorantPeruPIU-0242022_EPI_ISL_18054500__regional_context/Peru/2022-11-24,Aguanay_cormorantPeruPIU-0242022_EPI_ISL_18054500,regional_context,2022-11-24
ApelicanPeruPIU-0282022_EPI_ISL_18054507__regional_context/Peru/2022-11-24,ApelicanPeruPIU-0282022_EPI_ISL_18054507,regional_context,2022-11-24
ApelicanPeruPIU-SER0282022_EPI_ISL_18265436__regional_context/Peru/2022-11-24,ApelicanPeruPIU-SER0282022_EPI_ISL_18265436,regional_context,2022-11-24
AduckPeruLAM-INS-0152023_EPI_ISL_18497950__regional_context/Peru/2023-09-20,AduckPeruLAM-INS-0152023_EPI_ISL_18497950,regional_context,2023-09-20
AduckPeruLAM-INS-0142023_EPI_ISL_18497946__regional_context/Peru/2023-09-26,AduckPeruLAM-INS-0142023_EPI_ISL_18497946,regional_context,2023-09-26
AowlPeru23-005629-0012022_EPI_ISL_17660073__regional_context/Peru/2022-11-11,AowlPeru23-005629-0012022_EPI_ISL_17660073,regional_context,2022-11-11
Flu-EPI_ISL_17973443/Guayas/2023-01-11,Flu-EPI_ISL_17973443,flu_epi_isl,2023-01-11
Flu-EPI_ISL_17973458/Guayas/2023-01-11,Flu-EPI_ISL_17973458,flu_epi_isl,2023-01-11
ApelicanPeruPIU-0192022_EPI_ISL_18054506__regional_context/Peru/2022-11-24,ApelicanPeruPIU-0192022_EPI_ISL_18054506,regional_context,2022-11-24
ApelicanPeruPIU-SER0192022_EPI_ISL_18265435__regional_context/Peru/2022-11-24,ApelicanPeruPIU-SER0192022_EPI_ISL_18265435,regional_context,2022-11-24
AduckPeruCAL-INS-0132023_EPI_ISL_18217104__regional_context/Peru/2023-07-24,AduckPeruCAL-INS-0132023_EPI_ISL_18217104,regional_context,2023-07-24
AgullPeruLIM-INS-0062023_EPI_ISL_17777527__regional_context/Peru/2023-03-16,AgullPeruLIM-INS-0062023_EPI_ISL_17777527,regional_context,2023-03-16
Aguanay_cormorantPeruCAL-INS-0092023_EPI_ISL_17777530__regional_context/Peru/2023-03-17,Aguanay_cormorantPeruCAL-INS-0092023_EPI_ISL_17777530,regional_context,2023-03-17
ApelicanPeruPIU-SER0162022_EPI_ISL_18265437__regional_context/Peru/2022-11-24,ApelicanPeruPIU-SER0162022_EPI_ISL_18265437,regional_context,2022-11-24
ApelicanPeruAIS05412022_EPI_ISL_17806002__regional_context/Peru/2022-11-16,ApelicanPeruAIS05412022_EPI_ISL_17806002,regional_context,2022-11-16
ApelicanPeruPIU-0132022_EPI_ISL_18054504__regional_context/Peru/2022-11-23,ApelicanPeruPIU-0132022_EPI_ISL_18054504,regional_context,2022-11-23
ApelicanPeruPIU-SER0132022_EPI_ISL_18265433__regional_context/Peru/2022-11-23,ApelicanPeruPIU-SER0132022_EPI_ISL_18265433,regional_context,2022-11-23
APhalacrocorax_bougainvilliiIcaUPCH_44102023_EPI_ISL_20359491__regional_context/Ica/2023-02-20,APhalacrocorax_bougainvilliiIcaUPCH_44102023_EPI_ISL_20359491,regional_context,2023-02-20
APhalacrocorax_bougainvilliiIcaUPCH_44192023_EPI_ISL_20359498__regional_context/Ica/2023-02-20,APhalacrocorax_bougainvilliiIcaUPCH_44192023_EPI_ISL_20359498,regional_context,2023-02-20
APhalacrocorax_bougainvilliiIcaUPCH_44182023_EPI_ISL_20359497__regional_context/Ica/2023-02-20,APhalacrocorax_bougainvilliiIcaUPCH_44182023_EPI_ISL_20359497,regional_context,2023-02-20
Aperuvian_boobyPeruLIM-INS-0122023_EPI_ISL_17777533__regional_context/Peru/2023-04-12,Aperuvian_boobyPeruLIM-INS-0122023_EPI_ISL_17777533,regional_context,2023-04-12
AchickenPeruAIS05442022_EPI_ISL_17805991__regional_context/Peru/2022-12-03,AchickenPeruAIS05442022_EPI_ISL_17805991,regional_context,2022-12-03
AchickenPeruAIS05512022_EPI_ISL_17806001__regional_context/Peru/2022-12-12,AchickenPeruAIS05512022_EPI_ISL_17806001,regional_context,2022-12-12
AchickenPeruAIS05502022_EPI_ISL_17805995__regional_context/Peru/2022-12-12,AchickenPeruAIS05502022_EPI_ISL_17805995,regional_context,2022-12-12
AAvianArgentina579-52023_EPI_ISL_18698485__regional_context/Argentina/2023-02-24,AAvianArgentina579-52023_EPI_ISL_18698485,regional_context,2023-02-24
Ablack-necked_swanUruguayUDELAR-078-M22023_EPI_ISL_18310957__regional_context/Uruguay/2023-03-15,Ablack-necked_swanUruguayUDELAR-078-M22023_EPI_ISL_18310957,regional_context,2023-03-15
AChickenArgentina485-62023_EPI_ISL_18698466__regional_context/Argentina/2023-02-19,AChickenArgentina485-62023_EPI_ISL_18698466,regional_context,2023-02-19
Ablack-necked_swanUruguayUDELAR-014-M32023_EPI_ISL_18310958__regional_context/Uruguay/2023-02-18,Ablack-necked_swanUruguayUDELAR-014-M32023_EPI_ISL_18310958,regional_context,2023-02-18
AChickenArgentina578-22023_EPI_ISL_18698482__regional_context/Argentina/2023-02-23,AChickenArgentina578-22023_EPI_ISL_18698482,regional_context,2023-02-23
AChickenArgentina895-12023_EPI_ISL_18698731__regional_context/Argentina/2023-03-09,AChickenArgentina895-12023_EPI_ISL_18698731,regional_context,2023-03-09
AChickenArgentina509-22023_EPI_ISL_18698476__regional_context/Argentina/2023-02-21,AChickenArgentina509-22023_EPI_ISL_18698476,regional_context,2023-02-21
AChickenArgentina588-42023_EPI_ISL_18698490__regional_context/Argentina/2023-02-24,AChickenArgentina588-42023_EPI_ISL_18698490,regional_context,2023-02-24
AchickenChile2421592023_EPI_ISL_20444494__regional_context/Chile/2023-03-15,AchickenChile2421592023_EPI_ISL_20444494,regional_context,2023-03-15
AchickenChile242424-12023_EPI_ISL_20444492__regional_context/Chile/2023-03-16,AchickenChile242424-12023_EPI_ISL_20444492,regional_context,2023-03-16
AchickenChile248751-22023_EPI_ISL_20444445__regional_context/Chile/2023-04-12,AchickenChile248751-22023_EPI_ISL_20444445,regional_context,2023-04-12
AchickenChile248751-62023_EPI_ISL_20444447__regional_context/Chile/2023-04-12,AchickenChile248751-62023_EPI_ISL_20444447,regional_context,2023-04-12
AChickenArgentina1984-42023_EPI_ISL_18698519__regional_context/Argentina/2023-05-04,AChickenArgentina1984-42023_EPI_ISL_18698519,regional_context,2023-05-04
AChickenArgentina2049-32023_EPI_ISL_18698521__regional_context/Argentina/2023-05-08,AChickenArgentina2049-32023_EPI_ISL_18698521,regional_context,2023-05-08
AAvianArgentina586-42023_EPI_ISL_18698487__regional_context/Argentina/2023-02-24,AAvianArgentina586-42023_EPI_ISL_18698487,regional_context,2023-02-24
AAvianChile2437172023_EPI_ISL_20444471__regional_context/Chile/2023-03-21,AAvianChile2437172023_EPI_ISL_20444471,regional_context,2023-03-21
ATurkeyChile240489-12023_EPI_ISL_20444525__regional_context/Chile/2023-03-07,ATurkeyChile240489-12023_EPI_ISL_20444525,regional_context,2023-03-07
AturkeyNuble240489-12023_EPI_ISL_17885964__regional_context/Nuble/2023-03-07,AturkeyNuble240489-12023_EPI_ISL_17885964,regional_context,2023-03-07
AchickenChile243881-12023_EPI_ISL_20444455__regional_context/Chile/2023-03-22,AchickenChile243881-12023_EPI_ISL_20444455,regional_context,2023-03-22
AchickenChile243881-22023_EPI_ISL_20444454__regional_context/Chile/2023-03-22,AchickenChile243881-22023_EPI_ISL_20444454,regional_context,2023-03-22
AchickenChile247652-42023_EPI_ISL_20444443__regional_context/Chile/2023-04-07,AchickenChile247652-42023_EPI_ISL_20444443,regional_context,2023-04-07
ADuckChile240466-12023_EPI_ISL_20444463__regional_context/Chile/2023-03-07,ADuckChile240466-12023_EPI_ISL_20444463,regional_context,2023-03-07
AchickenChile2473962023_EPI_ISL_20444439__regional_context/Chile/2023-04-05,AchickenChile2473962023_EPI_ISL_20444439,regional_context,2023-04-05
ATurkeyChile242908-12023_EPI_ISL_20444524__regional_context/Chile/2023-03-18,ATurkeyChile242908-12023_EPI_ISL_20444524,regional_context,2023-03-18
AchickenChile242908-22023_EPI_ISL_20444456__regional_context/Chile/2023-03-18,AchickenChile242908-22023_EPI_ISL_20444456,regional_context,2023-03-18
ASwanChile2465292023_EPI_ISL_20444474__regional_context/Chile/2023-04-03,ASwanChile2465292023_EPI_ISL_20444474,regional_context,2023-04-03
AchickenAysen250755-22023_EPI_ISL_19404916__regional_context/Aysen/2023-04-19,AchickenAysen250755-22023_EPI_ISL_19404916,regional_context,2023-04-19
ASwanChile2485362023_EPI_ISL_20444527__regional_context/Chile/2023-04-11,ASwanChile2485362023_EPI_ISL_20444527,regional_context,2023-04-11
ATurkeyArgentina1710-12023_EPI_ISL_18698513__regional_context/Argentina/2023-04-17,ATurkeyArgentina1710-12023_EPI_ISL_18698513,regional_context,2023-04-17
AChickenArgentina1147-22023_EPI_ISL_18698505__regional_context/Argentina/2023-03-21,AChickenArgentina1147-22023_EPI_ISL_18698505,regional_context,2023-03-21
AChickenArgentina919-32023_EPI_ISL_18698502__regional_context/Argentina/2023-03-13,AChickenArgentina919-32023_EPI_ISL_18698502,regional_context,2023-03-13
ASwanChile2475242023_EPI_ISL_20444528__regional_context/Chile/2023-04-05,ASwanChile2475242023_EPI_ISL_20444528,regional_context,2023-04-05
AchickenChile242894-42023_EPI_ISL_20444457__regional_context/Chile/2023-03-18,AchickenChile242894-42023_EPI_ISL_20444457,regional_context,2023-03-18
AchickenChile242894-12023_EPI_ISL_20444491__regional_context/Chile/2023-03-18,AchickenChile242894-12023_EPI_ISL_20444491,regional_context,2023-03-18
AchickenNuble2391362023_EPI_ISL_17885878__regional_context/Nuble/2023-02-27,AchickenNuble2391362023_EPI_ISL_17885878,regional_context,2023-02-27
ATurkeyArgentina1711-22023_EPI_ISL_18698514__regional_context/Argentina/2023-04-19,ATurkeyArgentina1711-22023_EPI_ISL_18698514,regional_context,2023-04-19
AChickenArgentina2016-22023_EPI_ISL_18698732__regional_context/Argentina/2023-05-03,AChickenArgentina2016-22023_EPI_ISL_18698732,regional_context,2023-05-03
AchickenChile2408752023_EPI_ISL_20444503__regional_context/Chile/2023-03-07,AchickenChile2408752023_EPI_ISL_20444503,regional_context,2023-03-07
AchickenNuble2406842023_EPI_ISL_17885876__regional_context/Nuble/2023-03-08,AchickenNuble2406842023_EPI_ISL_17885876,regional_context,2023-03-08
AturkeyNuble241568-12023_EPI_ISL_17885962__regional_context/Nuble/2023-03-10,AturkeyNuble241568-12023_EPI_ISL_17885962,regional_context,2023-03-10
AchickenChile241557-22023_EPI_ISL_20444498__regional_context/Chile/2023-03-10,AchickenChile241557-22023_EPI_ISL_20444498,regional_context,2023-03-10
AchickenChile241681-12023_EPI_ISL_20444496__regional_context/Chile/2023-03-10,AchickenChile241681-12023_EPI_ISL_20444496,regional_context,2023-03-10
AchickenChile241557-12023_EPI_ISL_20444505__regional_context/Chile/2023-03-10,AchickenChile241557-12023_EPI_ISL_20444505,regional_context,2023-03-10
AchickenNuble241557-12023_EPI_ISL_17885874__regional_context/Nuble/2023-03-10,AchickenNuble241557-12023_EPI_ISL_17885874,regional_context,2023-03-10
AchickenChile241681-22023_EPI_ISL_20444495__regional_context/Chile/2023-03-10,AchickenChile241681-22023_EPI_ISL_20444495,regional_context,2023-03-10
AchickenNuble241681-12023_EPI_ISL_17885873__regional_context/Nuble/2023-03-10,AchickenNuble241681-12023_EPI_ISL_17885873,regional_context,2023-03-10
AChickenArgentina477-52023_EPI_ISL_18698462__regional_context/Argentina/2023-02-18,AChickenArgentina477-52023_EPI_ISL_18698462,regional_context,2023-02-18
AChickenArgentina1035-12023_EPI_ISL_18698504__regional_context/Argentina/2023-03-16,AChickenArgentina1035-12023_EPI_ISL_18698504,regional_context,2023-03-16
ATurkeyArgentina1348-32023_EPI_ISL_18698508__regional_context/Argentina/2023-03-31,ATurkeyArgentina1348-32023_EPI_ISL_18698508,regional_context,2023-03-31
AChickenArgentina2034-52023_EPI_ISL_18698520__regional_context/Argentina/2023-05-05,AChickenArgentina2034-52023_EPI_ISL_18698520,regional_context,2023-05-05
AChickenArgentina464-42023_EPI_ISL_18698460__regional_context/Argentina/2023-02-16,AChickenArgentina464-42023_EPI_ISL_18698460,regional_context,2023-02-16
AChickenArgentina559-82023_EPI_ISL_18698480__regional_context/Argentina/2023-02-22,AChickenArgentina559-82023_EPI_ISL_18698480,regional_context,2023-02-22
AChickenArgentina481-22023_EPI_ISL_18698464__regional_context/Argentina/2023-02-18,AChickenArgentina481-22023_EPI_ISL_18698464,regional_context,2023-02-18
Abackyard_chickenUruguayUDELAR-040-M52023_EPI_ISL_18310942__regional_context/Uruguay/2023-03-03,Abackyard_chickenUruguayUDELAR-040-M52023_EPI_ISL_18310942,regional_context,2023-03-03
Abackyard_chickenUruguayUDELAR-040-M72023_EPI_ISL_18310967__regional_context/Uruguay/2023-03-03,Abackyard_chickenUruguayUDELAR-040-M72023_EPI_ISL_18310967,regional_context,2023-03-03
Abackyard_chickenUruguayUDELAR-047-M12023_EPI_ISL_18310966__regional_context/Uruguay/2023-03-06,Abackyard_chickenUruguayUDELAR-047-M12023_EPI_ISL_18310966,regional_context,2023-03-06
Abackyard_chickenUruguayUDELAR-047-M32023_EPI_ISL_18310965__regional_context/Uruguay/2023-03-06,Abackyard_chickenUruguayUDELAR-047-M32023_EPI_ISL_18310965,regional_context,2023-03-06
AChickenArgentina1708-12023_EPI_ISL_18698512__regional_context/Argentina/2023-04-19,AChickenArgentina1708-12023_EPI_ISL_18698512,regional_context,2023-04-19
ABlack_SkimmerMaule2403792023_EPI_ISL_17885849__regional_context/Maule/2023-03-06,ABlack_SkimmerMaule2403792023_EPI_ISL_17885849,regional_context,2023-03-06
ABlack-Necked_SwanNeuquen1151-12023_EPI_ISL_19836182__regional_context/Neuquen/2023-03-22,ABlack-Necked_SwanNeuquen1151-12023_EPI_ISL_19836182,regional_context,2023-03-22
AChickenArgentina1416-32023_EPI_ISL_18698510__regional_context/Argentina/2023-04-03,AChickenArgentina1416-32023_EPI_ISL_18698510,regional_context,2023-04-03
AChickenArgentina491-22023_EPI_ISL_18698469__regional_context/Argentina/2023-02-20,AChickenArgentina491-22023_EPI_ISL_18698469,regional_context,2023-02-20
AChickenArgentina501-12023_EPI_ISL_18698471__regional_context/Argentina/2023-02-20,AChickenArgentina501-12023_EPI_ISL_18698471,regional_context,2023-02-20
AChiloe_wigeonOHiggins240893-22023_EPI_ISL_17885965__regional_context/Ohiggins/2023-03-09,AChiloe_wigeonOHiggins240893-22023_EPI_ISL_17885965,regional_context,2023-03-09
ADuckArgentina1712-52023_EPI_ISL_18698515__regional_context/Argentina/2023-04-19,ADuckArgentina1712-52023_EPI_ISL_18698515,regional_context,2023-04-19
ATurkeyChile245558-32023_EPI_ISL_20444523__regional_context/Chile/2023-03-29,ATurkeyChile245558-32023_EPI_ISL_20444523,regional_context,2023-03-29
ATurkeyChile245562-22023_EPI_ISL_20444522__regional_context/Chile/2023-03-29,ATurkeyChile245562-22023_EPI_ISL_20444522,regional_context,2023-03-29
AturkeyValparaiso245886-32023_EPI_ISL_19410285__regional_context/Valparaiso/2023-03-30,AturkeyValparaiso245886-32023_EPI_ISL_19410285,regional_context,2023-03-30
ATurkeyChile245562-12023_EPI_ISL_20444529__regional_context/Chile/2023-03-29,ATurkeyChile245562-12023_EPI_ISL_20444529,regional_context,2023-03-29
AturkeyValparaiso245562-12023_EPI_ISL_18760063__regional_context/Valparaiso/2023-03-29,AturkeyValparaiso245562-12023_EPI_ISL_18760063,regional_context,2023-03-29
AturkeyValparaiso245886-52023_EPI_ISL_19410286__regional_context/Valparaiso/2023-03-30,AturkeyValparaiso245886-52023_EPI_ISL_19410286,regional_context,2023-03-30
ATurkeyChile255558-42023_EPI_ISL_20444521__regional_context/Chile/2023-03-29,ATurkeyChile255558-42023_EPI_ISL_20444521,regional_context,2023-03-29
AturkeyValparaiso245886-12023_EPI_ISL_19410284__regional_context/Valparaiso/2023-03-30,AturkeyValparaiso245886-12023_EPI_ISL_19410284,regional_context,2023-03-30
AchickenMetropolitana243148-12023_EPI_ISL_18760060__regional_context/Metropolitana/2023-03-20,AchickenMetropolitana243148-12023_EPI_ISL_18760060,regional_context,2023-03-20
AchickenChile2415172023_EPI_ISL_20444499__regional_context/Chile/2023-03-13,AchickenChile2415172023_EPI_ISL_20444499,regional_context,2023-03-13
ANasua_nasuaUruguay145M22023_EPI_ISL_19765475__regional_context/Uruguay/2023-05-04,ANasua_nasuaUruguay145M22023_EPI_ISL_19765475,regional_context,2023-05-04
ANasua_nasuaUruguay145M12023_EPI_ISL_19765465__regional_context/Uruguay/2023-05-04,ANasua_nasuaUruguay145M12023_EPI_ISL_19765465,regional_context,2023-05-04
ANasua_nasuaUruguay146M12023_EPI_ISL_19765485__regional_context/Uruguay/2023-05-05,ANasua_nasuaUruguay146M12023_EPI_ISL_19765485,regional_context,2023-05-05
Abackyard_chickenUruguayUDELAR-124-M12023_EPI_ISL_18310964__regional_context/Uruguay/2023-04-16,Abackyard_chickenUruguayUDELAR-124-M12023_EPI_ISL_18310964,regional_context,2023-04-16
Abackyard_turkeyUruguayUDELAR-124-M62023_EPI_ISL_18310959__regional_context/Uruguay/2023-04-16,Abackyard_turkeyUruguayUDELAR-124-M62023_EPI_ISL_18310959,regional_context,2023-04-16
Abackyard_duckUruguayUDELAR-124-M32023_EPI_ISL_18310960__regional_context/Uruguay/2023-04-16,Abackyard_duckUruguayUDELAR-124-M32023_EPI_ISL_18310960,regional_context,2023-04-16
ATurkeyArgentina753-12023_EPI_ISL_18698497__regional_context/Argentina/2023-03-04,ATurkeyArgentina753-12023_EPI_ISL_18698497,regional_context,2023-03-04
AchickenChile241252-12023_EPI_ISL_20444502__regional_context/Chile/2023-03-12,AchickenChile241252-12023_EPI_ISL_20444502,regional_context,2023-03-12
AchickenOHiggins241252-12023_EPI_ISL_17885872__regional_context/Ohiggins/2023-03-12,AchickenOHiggins241252-12023_EPI_ISL_17885872,regional_context,2023-03-12
AchickenChile241252-62023_EPI_ISL_20444500__regional_context/Chile/2023-03-12,AchickenChile241252-62023_EPI_ISL_20444500,regional_context,2023-03-12
AchickenOHiggins241252-62023_EPI_ISL_17885870__regional_context/Ohiggins/2023-03-12,AchickenOHiggins241252-62023_EPI_ISL_17885870,regional_context,2023-03-12
AchickenChile241252-32023_EPI_ISL_20444501__regional_context/Chile/2023-03-12,AchickenChile241252-32023_EPI_ISL_20444501,regional_context,2023-03-12
AchickenOHiggins241252-32023_EPI_ISL_17885871__regional_context/Ohiggins/2023-03-12,AchickenOHiggins241252-32023_EPI_ISL_17885871,regional_context,2023-03-12
AChickenArgentina506-22023_EPI_ISL_18698474__regional_context/Argentina/2023-02-20,AChickenArgentina506-22023_EPI_ISL_18698474,regional_context,2023-02-20
AChickenArgentina556-62023_EPI_ISL_18698478__regional_context/Argentina/2023-02-23,AChickenArgentina556-62023_EPI_ISL_18698478,regional_context,2023-02-23
ASouth_polar_skuaAntarcticaINACH-UC-UCHILE-SKU32024_EPI_ISL_19410263__regional_context/Antarctica/2024-03-03,ASouth_polar_skuaAntarcticaINACH-UC-UCHILE-SKU32024_EPI_ISL_19410263,regional_context,2024-03-03
ASouth_polar_skuaAntarcticaINACH-UC-UCHILE-SKU42024_EPI_ISL_19410264__regional_context/Antarctica/2024-03-03,ASouth_polar_skuaAntarcticaINACH-UC-UCHILE-SKU42024_EPI_ISL_19410264,regional_context,2024-03-03
ASouth_polar_skuaAntarcticaINACH-UC-UCHILE-SKU52024_EPI_ISL_19410265__regional_context/Antarctica/2024-03-03,ASouth_polar_skuaAntarcticaINACH-UC-UCHILE-SKU52024_EPI_ISL_19410265,regional_context,2024-03-03
AChickenArgentina3346-12023_EPI_ISL_18698528__regional_context/Argentina/2023-07-06,AChickenArgentina3346-12023_EPI_ISL_18698528,regional_context,2023-07-06
AChickenArgentina606-12023_EPI_ISL_18698492__regional_context/Argentina/2023-02-27,AChickenArgentina606-12023_EPI_ISL_18698492,regional_context,2023-02-27
AChickenArgentina736-12023_EPI_ISL_18698494__regional_context/Argentina/2023-03-03,AChickenArgentina736-12023_EPI_ISL_18698494,regional_context,2023-03-03
AChickenArgentina747-12023_EPI_ISL_18698730__regional_context/Argentina/2023-03-04,AChickenArgentina747-12023_EPI_ISL_18698730,regional_context,2023-03-04
ASterna_hirundoEspirito_Santo0155-N2024_EPI_ISL_19215192__regional_context/EspiritoSanto/2024-02-02,ASterna_hirundoEspirito_Santo0155-N2024_EPI_ISL_19215192,regional_context,2024-02-02
ASterna_hirundoSaoFranciscoItabapoanaBR1060-N-20242024_EPI_ISL_20299633__regional_context/Saofranciscoitabapoanabr/2024-04-05,ASterna_hirundoSaoFranciscoItabapoanaBR1060-N-20242024_EPI_ISL_20299633,regional_context,2024-04-05
AThalasseus_maximusSao_Paulo2339-N2023_EPI_ISL_19215200__regional_context/SaoPaulo/2023-12-13,AThalasseus_maximusSao_Paulo2339-N2023_EPI_ISL_19215200,regional_context,2023-12-13
AThalasseus_acuflavidusSao_Paulo0291-N2024_EPI_ISL_19215197__regional_context/SaoPaulo/2024-02-22,AThalasseus_acuflavidusSao_Paulo0291-N2024_EPI_ISL_19215197,regional_context,2024-02-22
AThalasseus_acuflavidusParana2277-N2023_EPI_ISL_19215199__regional_context/Parana/2023-11-14,AThalasseus_acuflavidusParana2277-N2023_EPI_ISL_19215199,regional_context,2023-11-14
ASula_leucogasterBrazil-PRA0001-IBTEC2023_EPI_ISL_18975372__regional_context/BrazilPr/2023-07-25,ASula_leucogasterBrazil-PRA0001-IBTEC2023_EPI_ISL_18975372,regional_context,2023-07-25
AThalasseus_maximusSanta_Catarina1941-N2023_EPI_ISL_19215187__regional_context/SantaCatarina/2023-09-25,AThalasseus_maximusSanta_Catarina1941-N2023_EPI_ISL_19215187,regional_context,2023-09-25
AfrigatebirdRio_de_JaneiroMAPA-1532N2023_EPI_ISL_18755251__regional_context/RioDeJaneiro/2023-06-03,AfrigatebirdRio_de_JaneiroMAPA-1532N2023_EPI_ISL_18755251,regional_context,2023-06-03
Abackyard_chickenUruguayUDELAR-127-M42023_EPI_ISL_18310962__regional_context/Uruguay/2023-04-17,Abackyard_chickenUruguayUDELAR-127-M42023_EPI_ISL_18310962,regional_context,2023-04-17
AGreat_egretAraucania2405182023_EPI_ISL_17885950__regional_context/Araucania/2023-03-07,AGreat_egretAraucania2405182023_EPI_ISL_17885950,regional_context,2023-03-07
AchickenAraucania239569-12023_EPI_ISL_17885954__regional_context/Araucania/2023-03-02,AchickenAraucania239569-12023_EPI_ISL_17885954,regional_context,2023-03-02
AchickenAraucania239569-22023_EPI_ISL_17885952__regional_context/Araucania/2023-03-02,AchickenAraucania239569-22023_EPI_ISL_17885952,regional_context,2023-03-02
AchickenAraucania239189-22023_EPI_ISL_17885958__regional_context/Araucania/2023-02-28,AchickenAraucania239189-22023_EPI_ISL_17885958,regional_context,2023-02-28
AgooseAraucania239189-12023_EPI_ISL_17885869__regional_context/Araucania/2023-02-28,AgooseAraucania239189-12023_EPI_ISL_17885869,regional_context,2023-02-28
AchickenAraucania241914-12023_EPI_ISL_17885945__regional_context/Araucania/2023-03-14,AchickenAraucania241914-12023_EPI_ISL_17885945,regional_context,2023-03-14
Abuff-necked_ibisBio_bio247636-12023_EPI_ISL_19418491__regional_context/BioBio/2023-04-07,Abuff-necked_ibisBio_bio247636-12023_EPI_ISL_19418491,regional_context,2023-04-07
AchickenAraucania240481-12023_EPI_ISL_17885949__regional_context/Araucania/2023-03-07,AchickenAraucania240481-12023_EPI_ISL_17885949,regional_context,2023-03-07
AchickenAraucania241892-22023_EPI_ISL_17885946__regional_context/Araucania/2023-03-14,AchickenAraucania241892-22023_EPI_ISL_17885946,regional_context,2023-03-14
AturkeyAraucania241892-32023_EPI_ISL_17885966__regional_context/Araucania/2023-03-14,AturkeyAraucania241892-32023_EPI_ISL_17885966,regional_context,2023-03-14
ASeagullSarmiento1651-42023_EPI_ISL_19137653__regional_context/Sarmiento/2023-04-17,ASeagullSarmiento1651-42023_EPI_ISL_19137653,regional_context,2023-04-17
AchickenCochabamba395072023_EPI_ISL_19410272__regional_context/Cochabamba/2023-03-01,AchickenCochabamba395072023_EPI_ISL_19410272,regional_context,2023-03-01
AchickenCochabamba393832023_EPI_ISL_19410268__regional_context/Cochabamba/2023-02-01,AchickenCochabamba393832023_EPI_ISL_19410268,regional_context,2023-02-01
AchickenCochabamba394762023_EPI_ISL_19410271__regional_context/Cochabamba/2023-02-18,AchickenCochabamba394762023_EPI_ISL_19410271,regional_context,2023-02-18
AchickenCochabamba393562023_EPI_ISL_19410267__regional_context/Cochabamba/2023-01-26,AchickenCochabamba393562023_EPI_ISL_19410267,regional_context,2023-01-26
AchickenCochabamba394252023_EPI_ISL_19410269__regional_context/Cochabamba/2023-02-07,AchickenCochabamba394252023_EPI_ISL_19410269,regional_context,2023-02-07
AchickenPotosi398702023_EPI_ISL_19410299__regional_context/Potosi/2023-06-06,AchickenPotosi398702023_EPI_ISL_19410299,regional_context,2023-06-06
AchickenCochabamba395392023_EPI_ISL_19418487__regional_context/Cochabamba/2023-03-03,AchickenCochabamba395392023_EPI_ISL_19418487,regional_context,2023-03-03
AGooseArgentina389-12023_EPI_ISL_18698459__regional_context/Argentina/2023-02-11,AGooseArgentina389-12023_EPI_ISL_18698459,regional_context,2023-02-11
AchickenPeruAIS05482022_EPI_ISL_17805994__regional_context/Peru/2022-12-22,AchickenPeruAIS05482022_EPI_ISL_17805994,regional_context,2022-12-22
AchickenPeruAIS05492022_EPI_ISL_17805996__regional_context/Peru/2022-12-22,AchickenPeruAIS05492022_EPI_ISL_17805996,regional_context,2022-12-22
ABelcher_gullPeruUNMSM-A2672022_EPI_ISL_18371664__regional_context/Peru/2022-12-01,ABelcher_gullPeruUNMSM-A2672022_EPI_ISL_18371664,regional_context,2022-12-01
AGuanay_cormorantPeruUNMSM-A2752022_EPI_ISL_18371665__regional_context/Peru/2022-12-01,AGuanay_cormorantPeruUNMSM-A2752022_EPI_ISL_18371665,regional_context,2022-12-01
APeruvian_boobyPeruUNMSM-A2962022_EPI_ISL_18371666__regional_context/Peru/2022-12-01,APeruvian_boobyPeruUNMSM-A2962022_EPI_ISL_18371666,regional_context,2022-12-01
ApelicanAntofagasta228318-12022_EPI_ISL_17885928__regional_context/Antofagasta/2022-12-16,ApelicanAntofagasta228318-12022_EPI_ISL_17885928,regional_context,2022-12-16
Ablack_skimmerChileC619622022_EPI_ISL_16891402__regional_context/Chile/2022-12-02,Ablack_skimmerChileC619622022_EPI_ISL_16891402,regional_context,2022-12-02
Agray_gullArica239053-12023_EPI_ISL_19410281__regional_context/Arica/2023-02-23,Agray_gullArica239053-12023_EPI_ISL_19410281,regional_context,2023-02-23
ABand-tailed_gullAntofagasta228525-12022_EPI_ISL_19131166__regional_context/Antofagasta/2022-12-19,ABand-tailed_gullAntofagasta228525-12022_EPI_ISL_19131166,regional_context,2022-12-19
APelicanAtacama229424-22022_EPI_ISL_17885927__regional_context/Atacama/2022-12-22,APelicanAtacama229424-22022_EPI_ISL_17885927,regional_context,2022-12-22
APelicanAntofagasta228244-22022_EPI_ISL_17885944__regional_context/Antofagasta/2022-12-16,APelicanAntofagasta228244-22022_EPI_ISL_17885944,regional_context,2022-12-16
APeruvean_boobyAtacama230579-12023_EPI_ISL_19139974__regional_context/Atacama/2023-01-03,APeruvean_boobyAtacama230579-12023_EPI_ISL_19139974,regional_context,2023-01-03
APeruvian_boobyAtacama230579-12023_EPI_ISL_19131164__regional_context/Atacama/2023-01-03,APeruvian_boobyAtacama230579-12023_EPI_ISL_19131164,regional_context,2023-01-03
AGray_gullTarapaca232825-12023_EPI_ISL_17885951__regional_context/Tarapaca/2023-01-18,AGray_gullTarapaca232825-12023_EPI_ISL_17885951,regional_context,2023-01-18
APeruvean_boobyValparaiso2385352023_EPI_ISL_19131163__regional_context/Valparaiso/2023-02-24,APeruvean_boobyValparaiso2385352023_EPI_ISL_19131163,regional_context,2023-02-24
APelicanTarapaca227436-22022_EPI_ISL_17885942__regional_context/Tarapaca/2022-12-09,APelicanTarapaca227436-22022_EPI_ISL_17885942,regional_context,2022-12-09
AInca_ternArica_y_Parinacota227519-12022_EPI_ISL_19131159__regional_context/AricaYParinacota/2022-12-12,AInca_ternArica_y_Parinacota227519-12022_EPI_ISL_19131159,regional_context,2022-12-12
ABlackish_oystercatcherOHiggins2406282023_EPI_ISL_17885967__regional_context/Ohiggins/2023-03-06,ABlackish_oystercatcherOHiggins2406282023_EPI_ISL_17885967,regional_context,2023-03-06
AavianChile2406282023_EPI_ISL_20444542__regional_context/Chile/2023-03-06,AavianChile2406282023_EPI_ISL_20444542,regional_context,2023-03-06
Aguanay_cormorantAtacama235520-12023_EPI_ISL_19151400__regional_context/Atacama/2023-02-05,Aguanay_cormorantAtacama235520-12023_EPI_ISL_19151400,regional_context,2023-02-05
AGuanay_cormorantChile2395842023_EPI_ISL_19391460__regional_context/Chile/2023-03-01,AGuanay_cormorantChile2395842023_EPI_ISL_19391460,regional_context,2023-03-01
AGullChile2515132023_EPI_ISL_20444470__regional_context/Chile/2023-04-21,AGullChile2515132023_EPI_ISL_20444470,regional_context,2023-04-21
AHumboldt_penguinCoquimbo2395902023_EPI_ISL_17885948__regional_context/Coquimbo/2023-02-28,AHumboldt_penguinCoquimbo2395902023_EPI_ISL_17885948,regional_context,2023-02-28
AchickenChile2458172023_EPI_ISL_20444438__regional_context/Chile/2023-03-30,AchickenChile2458172023_EPI_ISL_20444438,regional_context,2023-03-30
Aperuvian_boobyCoquimbo2423042023_EPI_ISL_19410277__regional_context/Coquimbo/2023-03-15,Aperuvian_boobyCoquimbo2423042023_EPI_ISL_19410277,regional_context,2023-03-15
AavianChile2728852023_EPI_ISL_20444533__regional_context/Chile/2023-08-25,AavianChile2728852023_EPI_ISL_20444533,regional_context,2023-08-25
APeruvian_boobyOHiggins242755-12023_EPI_ISL_18760067__regional_context/Ohiggins/2023-03-17,APeruvian_boobyOHiggins242755-12023_EPI_ISL_18760067,regional_context,2023-03-17
AavianChile2858202023_EPI_ISL_20444488__regional_context/Chile/2023-12-02,AavianChile2858202023_EPI_ISL_20444488,regional_context,2023-12-02
AchickenChile260690-92023_EPI_ISL_20444453__regional_context/Chile/2023-06-03,AchickenChile260690-92023_EPI_ISL_20444453,regional_context,2023-06-03
AavianChile2728822023_EPI_ISL_20444534__regional_context/Chile/2023-08-22,AavianChile2728822023_EPI_ISL_20444534,regional_context,2023-08-22
AInca_ternAntofagasta2380832023_EPI_ISL_19131156__regional_context/Antofagasta/2023-02-22,AInca_ternAntofagasta2380832023_EPI_ISL_19131156,regional_context,2023-02-22
Aperegrine_falconAntofagasta235144-12023_EPI_ISL_19410283__regional_context/Antofagasta/2023-02-03,Aperegrine_falconAntofagasta235144-12023_EPI_ISL_19410283,regional_context,2023-02-03
AInca_ternCoquimbo2396192023_EPI_ISL_19131162__regional_context/Coquimbo/2023-03-01,AInca_ternCoquimbo2396192023_EPI_ISL_19131162,regional_context,2023-03-01
AElegant_ternArica_y_Parinacota229476-12022_EPI_ISL_17885955__regional_context/AricaYParinacota/2022-12-24,AElegant_ternArica_y_Parinacota229476-12022_EPI_ISL_17885955,regional_context,2022-12-24
APelicanAtacama230158-22022_EPI_ISL_17885924__regional_context/Atacama/2022-12-30,APelicanAtacama230158-22022_EPI_ISL_17885924,regional_context,2022-12-30
ASanderlingChile230758-22023_EPI_ISL_19404931__regional_context/Chile/2023-03-17,ASanderlingChile230758-22023_EPI_ISL_19404931,regional_context,2023-03-17
AProcellaria_aequinoctialisSao_Paulo2259-N2023_EPI_ISL_19215182__regional_context/SaoPaulo/2023-11-09,AProcellaria_aequinoctialisSao_Paulo2259-N2023_EPI_ISL_19215182,regional_context,2023-11-09
ASouthamerican_ternArgentina267-22023_EPI_ISL_19823065__regional_context/Argentina/2023-12-24,ASouthamerican_ternArgentina267-22023_EPI_ISL_19823065,regional_context,2023-12-24
ASouth_American_ternArgentinaCH-PD0302023_EPI_ISL_19466158__regional_context/Argentina/2023-10-10,ASouth_American_ternArgentinaCH-PD0302023_EPI_ISL_19466158,regional_context,2023-10-10
ASouth_American_ternArgentinaCH-PD0372023_EPI_ISL_19466210__regional_context/Argentina/2023-10-10,ASouth_American_ternArgentinaCH-PD0372023_EPI_ISL_19466210,regional_context,2023-10-10
ASouth_American_ternArgentinaRN-PB0152023_EPI_ISL_18945315__regional_context/Argentina/2023-08-26,ASouth_American_ternArgentinaRN-PB0152023_EPI_ISL_18945315,regional_context,2023-08-26
ASouthern_FulmarFalkland_Islands1388702023_EPI_ISL_18918640__regional_context/FalklandIslands/2023-11-14,ASouthern_FulmarFalkland_Islands1388702023_EPI_ISL_18918640,regional_context,2023-11-14
Aroyal_ternArgentinaCH-PD0362023_EPI_ISL_19466181__regional_context/Argentina/2023-10-10,Aroyal_ternArgentinaCH-PD0362023_EPI_ISL_19466181,regional_context,2023-10-10
ASanderlingArica_y_Parinacota2402652023_EPI_ISL_17885978__regional_context/AricaYParinacota/2023-03-03,ASanderlingArica_y_Parinacota2402652023_EPI_ISL_17885978,regional_context,2023-03-03
APelecanus_thagusIcaUPCH_44372022_EPI_ISL_20359517__regional_context/Ica/2022-12-11,APelecanus_thagusIcaUPCH_44372022_EPI_ISL_20359517,regional_context,2022-12-11
APelicanAntofagasta228246-22022_EPI_ISL_17885934__regional_context/Antofagasta/2022-12-15,APelicanAntofagasta228246-22022_EPI_ISL_17885934,regional_context,2022-12-15
AGullChile227023-22022_EPI_ISL_17011964__regional_context/Chile/2022-12-07,AGullChile227023-22022_EPI_ISL_17011964,regional_context,2022-12-07
APelecanusPeruVFAR-1402022_EPI_ISL_17099964__regional_context/Peru/2022-12-01,APelecanusPeruVFAR-1402022_EPI_ISL_17099964,regional_context,2022-12-01
AchickenPeruAIS05462022_EPI_ISL_17805986__regional_context/Peru/2022-12-18,AchickenPeruAIS05462022_EPI_ISL_17805986,regional_context,2022-12-18
Abrown_boobyPeru23-005629-0032022_EPI_ISL_17660074__regional_context/Peru/2022-11-11,Abrown_boobyPeru23-005629-0032022_EPI_ISL_17660074,regional_context,2022-11-11
ABand-tailed_gullArica_y_Parinacota232200-12023_EPI_ISL_19131168__regional_context/AricaYParinacota/2023-01-11,ABand-tailed_gullArica_y_Parinacota232200-12023_EPI_ISL_19131168,regional_context,2023-01-11
AKelp_gullMaule2393492023_EPI_ISL_17885972__regional_context/Maule/2023-03-01,AKelp_gullMaule2393492023_EPI_ISL_17885972,regional_context,2023-03-01
ASouth_American_ternMaule2385072023_EPI_ISL_17885973__regional_context/Maule/2023-02-23,ASouth_American_ternMaule2385072023_EPI_ISL_17885973,regional_context,2023-02-23
APelicanNuble233947-22023_EPI_ISL_17885918__regional_context/Nuble/2023-01-26,APelicanNuble233947-22023_EPI_ISL_17885918,regional_context,2023-01-26
AchickenAtacama235254-22023_EPI_ISL_18760074__regional_context/Atacama/2023-02-04,AchickenAtacama235254-22023_EPI_ISL_18760074,regional_context,2023-02-04
AGreat_grabeAtacama231482-22023_EPI_ISL_19162731__regional_context/Atacama/2023-01-09,AGreat_grabeAtacama231482-22023_EPI_ISL_19162731,regional_context,2023-01-09
Agreat_grebeAtacama231482-22023_EPI_ISL_19131196__regional_context/Atacama/2023-01-09,Agreat_grebeAtacama231482-22023_EPI_ISL_19131196,regional_context,2023-01-09
APelicanAntofagasta228246-32022_EPI_ISL_17885931__regional_context/Antofagasta/2022-12-15,APelicanAntofagasta228246-32022_EPI_ISL_17885931,regional_context,2022-12-15
ApelicanValparaiso233418-12023_EPI_ISL_17885932__regional_context/Valparaiso/2023-01-20,ApelicanValparaiso233418-12023_EPI_ISL_17885932,regional_context,2023-01-20
ApelicanValparaiso233450-12023_EPI_ISL_17885983__regional_context/Valparaiso/2023-01-23,ApelicanValparaiso233450-12023_EPI_ISL_17885983,regional_context,2023-01-23
AavianPeruAISA04462022_EPI_ISL_17805997__regional_context/Peru/2022-11-22,AavianPeruAISA04462022_EPI_ISL_17805997,regional_context,2022-11-22
ASanderlingArica_y_Parinacota230758-12022_EPI_ISL_17885980__regional_context/AricaYParinacota/2022-12-30,ASanderlingArica_y_Parinacota230758-12022_EPI_ISL_17885980,regional_context,2022-12-30
AgullBiobio2370122023_EPI_ISL_19410300__regional_context/Biobio/2023-02-15,AgullBiobio2370122023_EPI_ISL_19410300,regional_context,2023-02-15
ApelicanValparaiso233091-12023_EPI_ISL_17885930__regional_context/Valparaiso/2023-01-20,ApelicanValparaiso233091-12023_EPI_ISL_17885930,regional_context,2023-01-20
ApelicanValparaiso233091-22023_EPI_ISL_17885956__regional_context/Valparaiso/2023-01-20,ApelicanValparaiso233091-22023_EPI_ISL_17885956,regional_context,2023-01-20
AavianPeruAISA04512022_EPI_ISL_17805998__regional_context/Peru/2022-11-22,AavianPeruAISA04512022_EPI_ISL_17805998,regional_context,2022-11-22
AchickenPeruAIS05422022_EPI_ISL_17805989__regional_context/Peru/2022-12-01,AchickenPeruAIS05422022_EPI_ISL_17805989,regional_context,2022-12-01
AchickenPeruAIS05432022_EPI_ISL_17805990__regional_context/Peru/2022-12-01,AchickenPeruAIS05432022_EPI_ISL_17805990,regional_context,2022-12-01
AGullChile227023-32022_EPI_ISL_17011958__regional_context/Chile/2022-12-07,AGullChile227023-32022_EPI_ISL_17011958,regional_context,2022-12-07
ATurkey_vultureAntofagasta228252-12022_EPI_ISL_17885970__regional_context/Antofagasta/2022-12-17,ATurkey_vultureAntofagasta228252-12022_EPI_ISL_17885970,regional_context,2022-12-17
ApelicanPeruAISA04642022_EPI_ISL_17806003__regional_context/Peru/2022-11-22,ApelicanPeruAISA04642022_EPI_ISL_17806003,regional_context,2022-11-22
ALarus_belcheriIcaUPCH_44492022_EPI_ISL_20359535__regional_context/Ica/2022-12-16,ALarus_belcheriIcaUPCH_44492022_EPI_ISL_20359535,regional_context,2022-12-16
APelicanAtacama229450-22022_EPI_ISL_17885926__regional_context/Atacama/2022-12-26,APelicanAtacama229450-22022_EPI_ISL_17885926,regional_context,2022-12-26
AchickenPeruLIM-INS-0032022_EPI_ISL_16249730__regional_context/Peru/2022-11-29,AchickenPeruLIM-INS-0032022_EPI_ISL_16249730,regional_context,2022-11-29
AchickenPeru23-005607-0012022_EPI_ISL_17660070__regional_context/Peru/2022-11-11,AchickenPeru23-005607-0012022_EPI_ISL_17660070,regional_context,2022-11-11
AchickenPeru23-005607-0022022_EPI_ISL_17660071__regional_context/Peru/2022-11-11,AchickenPeru23-005607-0022022_EPI_ISL_17660071,regional_context,2022-11-11
AchickenPeruAIS05402022_EPI_ISL_17805988__regional_context/Peru/2022-11-28,AchickenPeruAIS05402022_EPI_ISL_17805988,regional_context,2022-11-28
AFranklins_gullOHiggins236195-12023_EPI_ISL_18939722__regional_context/Ohiggins/2023-02-12,AFranklins_gullOHiggins236195-12023_EPI_ISL_18939722,regional_context,2023-02-12
AFranklin_gullOHiggins236195-12023_EPI_ISL_19162729__regional_context/Ohiggins/2023-02-12,AFranklin_gullOHiggins236195-12023_EPI_ISL_19162729,regional_context,2023-02-12
AchickenNuble2401552023_EPI_ISL_17885877__regional_context/Nuble/2023-03-06,AchickenNuble2401552023_EPI_ISL_17885877,regional_context,2023-03-06
APelicanOHiggins233663-12023_EPI_ISL_17885915__regional_context/Ohiggins/2023-01-24,APelicanOHiggins233663-12023_EPI_ISL_17885915,regional_context,2023-01-24
APelicanOHiggins233721-12023_EPI_ISL_17885912__regional_context/Ohiggins/2023-01-24,APelicanOHiggins233721-12023_EPI_ISL_17885912,regional_context,2023-01-24
ApelicanBio_Bio2365742023_EPI_ISL_18760061__regional_context/BioBio/2023-02-13,ApelicanBio_Bio2365742023_EPI_ISL_18760061,regional_context,2023-02-13
ApelicanValparaiso2340402023_EPI_ISL_17885982__regional_context/Valparaiso/2023-01-25,ApelicanValparaiso2340402023_EPI_ISL_17885982,regional_context,2023-01-25
ApelicanChile229424-42022_EPI_ISL_19391461__regional_context/Chile/2022-12-22,ApelicanChile229424-42022_EPI_ISL_19391461,regional_context,2022-12-22
AchickenPeru23-005607-0032022_EPI_ISL_17660072__regional_context/Peru/2022-11-11,AchickenPeru23-005607-0032022_EPI_ISL_17660072,regional_context,2022-11-11
AchickenPeruLAM-INS-0022022_EPI_ISL_16249681__regional_context/Peru/2022-11-28,AchickenPeruLAM-INS-0022022_EPI_ISL_16249681,regional_context,2022-11-28
AchickenPeruAIS05392022_EPI_ISL_17805987__regional_context/Peru/2022-11-18,AchickenPeruAIS05392022_EPI_ISL_17805987,regional_context,2022-11-18
ASula_variegataIcaUPCH_44942023_EPI_ISL_20359554__regional_context/Ica/2023-04-14,ASula_variegataIcaUPCH_44942023_EPI_ISL_20359554,regional_context,2023-04-14
Aperuvian_boobyPeruCAL-INS-0072023_EPI_ISL_17777528__regional_context/Peru/2023-03-17,Aperuvian_boobyPeruCAL-INS-0072023_EPI_ISL_17777528,regional_context,2023-03-17
Aperuvian_boobyPeruCAL-INS-0082023_EPI_ISL_17777529__regional_context/Peru/2023-03-17,Aperuvian_boobyPeruCAL-INS-0082023_EPI_ISL_17777529,regional_context,2023-03-17
Aperuvian_boobyPeruLIM-INS-0052023_EPI_ISL_17777526__regional_context/Peru/2023-03-20,Aperuvian_boobyPeruLIM-INS-0052023_EPI_ISL_17777526,regional_context,2023-03-20
Aperuvian_boobyPeruLIM-INS-0042023_EPI_ISL_17777525__regional_context/Peru/2023-04-03,Aperuvian_boobyPeruLIM-INS-0042023_EPI_ISL_17777525,regional_context,2023-04-03
AchickenMagdalenaICA-35032022_EPI_ISL_17353838__regional_context/Magdalena/2022-11-18,AchickenMagdalenaICA-35032022_EPI_ISL_17353838,regional_context,2022-11-18
AAmerican_CrowMinnesotaUSDA-009668-0012022_EPI_ISL_18133069__american_anchor/USA/2022-03-29,AAmerican_CrowMinnesotaUSDA-009668-0012022_EPI_ISL_18133069,american_anchor,2022-03-29
Aamerican_white_pelicanMinnesota22-017057-0012022_EPI_ISL_19606620__american_anchor/USA/2022-01-01,Aamerican_white_pelicanMinnesota22-017057-0012022_EPI_ISL_19606620,american_anchor,2022-01-01
Aamerican_crowMinnesota22-015674-0012022_EPI_ISL_19606630__american_anchor/USA/2022-01-01,Aamerican_crowMinnesota22-015674-0012022_EPI_ISL_19606630,american_anchor,2022-01-01
ABald_EagleMinnesotaUSDA-009477-0012022_EPI_ISL_18132924__american_anchor/USA/2022-03-20,ABald_EagleMinnesotaUSDA-009477-0012022_EPI_ISL_18132924,american_anchor,2022-03-20
ABackyard_birdMinnesotaUSDA-010928-0022022_EPI_ISL_18133185__american_anchor/USA/2022-04-11,ABackyard_birdMinnesotaUSDA-010928-0022022_EPI_ISL_18133185,american_anchor,2022-04-11
ABackyard_birdMinnesotaUSDA-010928-0012022_EPI_ISL_18133193__american_anchor/USA/2022-04-11,ABackyard_birdMinnesotaUSDA-010928-0012022_EPI_ISL_18133193,american_anchor,2022-04-11
AAmerican_CrowNorth_DakotaUSDA-013145-0012022_EPI_ISL_18133101__american_anchor/USA/2022-04-21,AAmerican_CrowNorth_DakotaUSDA-013145-0012022_EPI_ISL_18133101,american_anchor,2022-04-21
AAmerican_WigeonSouth_Carolina22-000345-0012021_EPI_ISL_18133029__american_anchor/USA/2021-12-30,AAmerican_WigeonSouth_Carolina22-000345-0012021_EPI_ISL_18133029,american_anchor,2021-12-30
AAmerican_wigeonSouth_CarolinaAH01951452021_EPI_ISL_9869760__american_anchor/USA/2021-12-30,AAmerican_wigeonSouth_CarolinaAH01951452021_EPI_ISL_9869760,american_anchor,2021-12-30
Agreat_horned_owlMA22MM001992022_EPI_ISL_16641778__regional_context/Ma/2022-03-03,Agreat_horned_owlMA22MM001992022_EPI_ISL_16641778,regional_context,2022-03-03
Asnowy_owlMA22MM004632022_EPI_ISL_16641797__regional_context/Ma/2022-03-20,Asnowy_owlMA22MM004632022_EPI_ISL_16641797,regional_context,2022-03-20
Asnowy_owlMA22MM003232022_EPI_ISL_16641796__regional_context/Ma/2022-02-07,Asnowy_owlMA22MM003232022_EPI_ISL_16641796,regional_context,2022-02-07
Asnowy_owlMA22MM004672022_EPI_ISL_16641798__regional_context/Ma/2022-04-10,Asnowy_owlMA22MM004672022_EPI_ISL_16641798,regional_context,2022-04-10
ABlue-winged_TealSouth_CarolinaUSDA-000345-0032021_EPI_ISL_18133416__american_anchor/USA/2021-12-30,ABlue-winged_TealSouth_CarolinaUSDA-000345-0032021_EPI_ISL_18133416,american_anchor,2021-12-30
ALesser_scaupMD-LC-EESC-0242022_EPI_ISL_15614805__regional_context/Md/2022-01-23,ALesser_scaupMD-LC-EESC-0242022_EPI_ISL_15614805,regional_context,2022-01-23
AGreat_Black-Backed_GullNLOTH-0114_EPI_ISL_16190849__regional_context/GreatBlackBackedGull/2021-11-04,AGreat_Black-Backed_GullNLOTH-0114_EPI_ISL_16190849,regional_context,2021-11-04
Aperegrine_falconMA22MM007562022_EPI_ISL_16641791__regional_context/Ma/2022-06-16,Aperegrine_falconMA22MM007562022_EPI_ISL_16641791,regional_context,2022-06-16
Ared-tailed_hawkMA22HP001312022_EPI_ISL_16641767__regional_context/Ma/2022-03-06,Ared-tailed_hawkMA22HP001312022_EPI_ISL_16641767,regional_context,2022-03-06
Acommon_ternMECOTE_20220614_12022_EPI_ISL_16641785__regional_context/Me/2022-06-14,Acommon_ternMECOTE_20220614_12022_EPI_ISL_16641785,regional_context,2022-06-14
Acommon_ternMECOTE_20220612_12022_EPI_ISL_16641784__regional_context/Me/2022-06-12,Acommon_ternMECOTE_20220612_12022_EPI_ISL_16641784,regional_context,2022-06-12
Anorthern_gannetMA22WI000502022_EPI_ISL_16641799__regional_context/Ma/2022-05-10,Anorthern_gannetMA22WI000502022_EPI_ISL_16641799,regional_context,2022-05-10
ABald_EagleFloridaUSDA-006544-0052022_EPI_ISL_18132937__american_anchor/USA/2022-02-01,ABald_EagleFloridaUSDA-006544-0052022_EPI_ISL_18132937,american_anchor,2022-02-01
ABald_EagleFloridaUSDA-007915-0092022_EPI_ISL_18132927__american_anchor/USA/2022-02-23,ABald_EagleFloridaUSDA-007915-0092022_EPI_ISL_18132927,american_anchor,2022-02-23
ALesser_ScaupFloridaUSDA-005890-0012022_EPI_ISL_18133262__american_anchor/USA/2022-02-13,ALesser_ScaupFloridaUSDA-005890-0012022_EPI_ISL_18133262,american_anchor,2022-02-13
Abald_eagleUnknown23-034211-002-original2023_EPI_ISL_19660948__regional_context/Unknown/2022-04-22,Abald_eagleUnknown23-034211-002-original2023_EPI_ISL_19660948,regional_context,2022-04-22
Abald_eagleUnknown23-034211-0022023_EPI_ISL_18914308__regional_context/Unknown/2022-04-22,Abald_eagleUnknown23-034211-0022023_EPI_ISL_18914308,regional_context,2022-04-22
AduckChocoICA-35012022_EPI_ISL_17353839__regional_context/Choco/2022-10-09,AduckChocoICA-35012022_EPI_ISL_17353839,regional_context,2022-10-09
ABald_EagleSouth_CarolinaUSDA-008983-0012022_EPI_ISL_18133018__american_anchor/USA/2022-03-01,ABald_EagleSouth_CarolinaUSDA-008983-0012022_EPI_ISL_18133018,american_anchor,2022-03-01
Abald_eagleAlaska22-014971-0012022_EPI_ISL_19158221__american_anchor/USA/2022-05-09,Abald_eagleAlaska22-014971-0012022_EPI_ISL_19158221,american_anchor,2022-05-09
ACanada_gooseAlaska22-014435-0012022_EPI_ISL_19158328__american_anchor/USA/2022-05-05,ACanada_gooseAlaska22-014435-0012022_EPI_ISL_19158328,american_anchor,2022-05-05
Abald_eagleAlaska22-016934-0042022_EPI_ISL_19158213__american_anchor/USA/2022-05-22,Abald_eagleAlaska22-016934-0042022_EPI_ISL_19158213,american_anchor,2022-05-22
AArctic_ternAlaska22-020952-0022022_EPI_ISL_19158340__american_anchor/USA/2022-07-22,AArctic_ternAlaska22-020952-0022022_EPI_ISL_19158340,american_anchor,2022-07-22
ASabines_gullAlaska22-017953-0072022_EPI_ISL_19158226__american_anchor/USA/2022-06-06,ASabines_gullAlaska22-017953-0072022_EPI_ISL_19158226,american_anchor,2022-06-06
Acackling_gooseUSA040752-0032022_EPI_ISL_19718386__american_anchor/USA/2022-01-01,Acackling_gooseUSA040752-0032022_EPI_ISL_19718386,american_anchor,2022-01-01
Flu-0584/Cotopaxi/2022-12-02,Flu-0584,flu_sierra,2022-12-02
Flu-0586/Cotopaxi/2022-12-13,Flu-0586,flu_sierra,2022-12-13
Flu-0592/Cotopaxi/2022-12-14,Flu-0592,flu_sierra,2022-12-14
Flu-0593/Cotopaxi/2022-12-14,Flu-0593,flu_sierra,2022-12-14
Flu-0610/Tungurahua/2023-01-16,Flu-0610,flu_sierra,2023-01-16
Flu-0613/Pichincha/2023-01-18,Flu-0613,flu_sierra,2023-01-18
Flu-0611/Pichincha/2023-01-18,Flu-0611,flu_sierra,2023-01-18
Flu-0641/Tungurahua/2023-01-20,Flu-0641,flu_sierra,2023-01-20
Flu-0589/Cotopaxi/2022-12-13,Flu-0589,flu_sierra,2022-12-13
Flu-0600/Cotopaxi/2023-01-07,Flu-0600,flu_sierra,2023-01-07
Flu-0621/Cotopaxi/2023-01-19,Flu-0621,flu_sierra,2023-01-19
Flu-0623/Cotopaxi/2023-01-19,Flu-0623,flu_sierra,2023-01-19
Flu-0652/Azuay/2023-02-19,Flu-0652,flu_sierra,2023-02-19
Flu-0653/Azuay/2023-02-19,Flu-0653,flu_sierra,2023-02-19
Flu-0654/Azuay/2023-02-19,Flu-0654,flu_sierra,2023-02-19
Flu-0630/Cotopaxi/2023-01-19,Flu-0630,flu_sierra,2023-01-19
Flu-0619/Cotopaxi/2023-01-19,Flu-0619,flu_sierra,2023-01-19
Flu-0583/Cotopaxi/2022-12-02,Flu-0583,flu_sierra,2022-12-02
Flu-0622/Cotopaxi/2023-01-19,Flu-0622,flu_sierra,2023-01-19
Flu-0599/Cotopaxi/2023-01-07,Flu-0599,flu_sierra,2023-01-07
Flu-0614/Pichincha/2023-01-18,Flu-0614,flu_sierra,2023-01-18
Flu-0582/Cotopaxi/2022-11-25,Flu-0582,flu_sierra,2022-11-25
Flu-0596/Cotopaxi/2023-01-07,Flu-0596,flu_sierra,2023-01-07
Flu-0604/Tungurahua/2023-01-12,Flu-0604,flu_sierra,2023-01-12
Flu-0608/Tungurahua/2023-01-12,Flu-0608,flu_sierra,2023-01-12
