output_file	date	rule	log-file(s)	status	plan
data/phylogeny/by_segment/H5N1_PB2.fasta	Sat Jun  6 14:36:33 2026	process_raw_to_segments		ok	no update
data/phylogeny/by_segment/H5N1_PB1.fasta	Sat Jun  6 14:36:33 2026	process_raw_to_segments		ok	no update
data/phylogeny/by_segment/H5N1_PA.fasta	Sat Jun  6 14:36:33 2026	process_raw_to_segments		ok	no update
data/phylogeny/by_segment/H5N1_HA.fasta	Sat Jun  6 14:36:33 2026	process_raw_to_segments		ok	no update
data/phylogeny/by_segment/H5N1_NP.fasta	Sat Jun  6 14:36:33 2026	process_raw_to_segments		ok	no update
data/phylogeny/by_segment/H5N1_NA.fasta	Sat Jun  6 14:36:33 2026	process_raw_to_segments		ok	no update
data/phylogeny/by_segment/H5N1_MP.fasta	Sat Jun  6 14:36:33 2026	process_raw_to_segments		ok	no update
data/phylogeny/by_segment/H5N1_NS.fasta	Sat Jun  6 14:36:33 2026	process_raw_to_segments		ok	no update
data/input/H5N1_EC_gisaid_from_mira.fasta	Sat Jun  6 14:36:33 2026	build_gisaid_input_from_mira		ok	no update
data/processed_alignments/qc_filtered/H5N1_PB2.mafft	Sat Jun  6 14:36:37 2026	trim_and_filter_mafft		ok	update pending
data/processed_alignments/codon_aware/H5N1_PB2.mafft	Sat Jun  6 14:36:35 2026	mafft_align_segment		ok	update pending
data/phylogeny/by_segment_qc_filtered/H5N1_PB2.fasta	Sat Jun  6 14:36:34 2026	filter_alignments_by_nextclade_qc_others		ok	no update
data/processed_alignments/qc_filtered/H5N1_PB1.mafft	Sat Jun  6 14:36:37 2026	trim_and_filter_mafft		ok	update pending
data/processed_alignments/codon_aware/H5N1_PB1.mafft	Sat Jun  6 14:36:35 2026	mafft_align_segment		ok	update pending
data/phylogeny/by_segment_qc_filtered/H5N1_PB1.fasta	Sat Jun  6 14:36:34 2026	filter_alignments_by_nextclade_qc_others		ok	no update
data/processed_alignments/qc_filtered/H5N1_PA.mafft	Sat Jun  6 14:36:37 2026	trim_and_filter_mafft		ok	update pending
data/processed_alignments/codon_aware/H5N1_PA.mafft	Sat Jun  6 14:36:35 2026	mafft_align_segment		ok	update pending
data/phylogeny/by_segment_qc_filtered/H5N1_PA.fasta	Sat Jun  6 14:36:34 2026	filter_alignments_by_nextclade_qc_others		ok	no update
data/processed_alignments/qc_filtered/H5N1_HA.mafft	Sat Jun  6 14:36:38 2026	trim_and_filter_mafft		ok	update pending
data/processed_alignments/codon_aware/H5N1_HA.mafft	Sat Jun  6 14:36:37 2026	mafft_align_segment		ok	update pending
data/phylogeny/by_segment_qc_filtered/H5N1_HA.fasta	Sat Jun  6 14:36:35 2026	filter_alignments_by_nextclade_qc_ha		ok	update pending
results/qc_metrics/nextclade/HA/alignment.fasta	Sat Jun  6 14:36:34 2026	run_nextclade_alignment_all		ok	update pending
results/qc_metrics/nextclade/HA/nextclade_report.csv	Sat Jun  6 14:36:34 2026	run_nextclade_alignment_all		ok	update pending
resources/nextclade_HA	Sat Jun  6 14:36:33 2026	download_nextclade_db		ok	update pending
data/processed_alignments/qc_filtered/H5N1_NP.mafft	Sat Jun  6 14:36:37 2026	trim_and_filter_mafft		ok	update pending
data/processed_alignments/codon_aware/H5N1_NP.mafft	Sat Jun  6 14:36:35 2026	mafft_align_segment		ok	update pending
data/phylogeny/by_segment_qc_filtered/H5N1_NP.fasta	Sat Jun  6 14:36:34 2026	filter_alignments_by_nextclade_qc_others		ok	no update
data/processed_alignments/qc_filtered/H5N1_NA.mafft	Sat Jun  6 14:36:37 2026	trim_and_filter_mafft		ok	update pending
data/processed_alignments/codon_aware/H5N1_NA.mafft	Sat Jun  6 14:36:35 2026	mafft_align_segment		ok	update pending
data/phylogeny/by_segment_qc_filtered/H5N1_NA.fasta	Sat Jun  6 14:36:34 2026	filter_alignments_by_nextclade_qc_others		ok	no update
data/processed_alignments/qc_filtered/H5N1_MP.mafft	Sat Jun  6 14:36:37 2026	trim_and_filter_mafft		ok	update pending
data/processed_alignments/codon_aware/H5N1_MP.mafft	Sat Jun  6 14:36:35 2026	mafft_align_segment		ok	update pending
data/phylogeny/by_segment_qc_filtered/H5N1_MP.fasta	Sat Jun  6 14:36:34 2026	filter_alignments_by_nextclade_qc_others		ok	no update
data/processed_alignments/qc_filtered/H5N1_NS.mafft	Sat Jun  6 14:36:37 2026	trim_and_filter_mafft		ok	update pending
data/processed_alignments/codon_aware/H5N1_NS.mafft	Sat Jun  6 14:36:35 2026	mafft_align_segment		ok	update pending
data/phylogeny/by_segment_qc_filtered/H5N1_NS.fasta	Sat Jun  6 14:36:34 2026	filter_alignments_by_nextclade_qc_others		ok	no update
results/qc_metrics/nextclade/HA_eliminated.csv	Sat Jun  6 14:36:39 2026	report_nextclade_ha_qc_discarded		ok	update pending
metadata/context_base.csv	Sat Jun  6 14:36:39 2026	build_h5n1_context_metadata		ok	update pending
metadata/H5N1_context.csv	Sat Jun  6 14:36:39 2026	build_h5n1_context_metadata		ok	update pending
metadata/genoflu_results.tsv	Sat Jun  6 14:36:37 2026	genoflu_multi		ok	update pending
metadata/genoflu_results.done	Sat Jun  6 14:36:38 2026	genoflu_results_to_metadata		ok	update pending
figures/HA_PB2_lineage/HA_lineage_fast_tree.png	Sat Jun  6 14:36:40 2026	segment_analysis_ggtree_lineage		ok	update pending
figures/HA_PB2_lineage/HA_lineage_fast_tree.rds	Sat Jun  6 14:36:40 2026	segment_analysis_ggtree_lineage		ok	update pending
results/phylogeny/iq-tree/HA/lineage/H5N1_HA_fast.treefile	Sat Jun  6 14:36:39 2026	iqtree_fast_codon_segment		ok	update pending
data/processed_alignments/qc_filtered/H5N1_HA.partitions	Sat Jun  6 14:36:39 2026	build_lineage_codon_partition		ok	update pending
figures/HA_PB2_lineage/PB2_lineage_fast_tree.png	Sat Jun  6 14:36:39 2026	segment_analysis_ggtree_lineage		ok	update pending
figures/HA_PB2_lineage/PB2_lineage_fast_tree.rds	Sat Jun  6 14:36:39 2026	segment_analysis_ggtree_lineage		ok	update pending
results/phylogeny/iq-tree/PB2/lineage/H5N1_PB2_fast.treefile	Sat Jun  6 14:36:39 2026	iqtree_fast_codon_segment		ok	update pending
data/processed_alignments/qc_filtered/H5N1_PB2.partitions	Sat Jun  6 14:36:38 2026	build_lineage_codon_partition		ok	update pending
figures/HA_PB2_lineage/HA_PB2_lineage_composite.png	Thu Jun 11 12:00:34 2026	segment_analysis_composite_lineage		ok	update pending
figures/build_inputs/flu_lineage.png	Sat Jun  6 14:36:39 2026	plot_flu_lineage		ok	update pending
figures/build_inputs/flu_lineage.rds	Sat Jun  6 14:36:39 2026	plot_flu_lineage		ok	update pending
results/phylogeny/iq-tree/PB1/lineage/H5N1_PB1_fast.treefile	Sat Jun  6 14:36:39 2026	iqtree_fast_codon_segment		ok	update pending
data/processed_alignments/qc_filtered/H5N1_PB1.partitions	Sat Jun  6 14:36:38 2026	build_lineage_codon_partition		ok	update pending
results/phylogeny/iq-tree/PA/lineage/H5N1_PA_fast.treefile	Sat Jun  6 14:36:39 2026	iqtree_fast_codon_segment		ok	update pending
data/processed_alignments/qc_filtered/H5N1_PA.partitions	Sat Jun  6 14:36:38 2026	build_lineage_codon_partition		ok	update pending
results/phylogeny/iq-tree/NP/lineage/H5N1_NP_fast.treefile	Sat Jun  6 14:36:39 2026	iqtree_fast_codon_segment		ok	update pending
data/processed_alignments/qc_filtered/H5N1_NP.partitions	Sat Jun  6 14:36:38 2026	build_lineage_codon_partition		ok	update pending
results/phylogeny/iq-tree/NA/lineage/H5N1_NA_fast.treefile	Sat Jun  6 14:36:39 2026	iqtree_fast_codon_segment		ok	update pending
data/processed_alignments/qc_filtered/H5N1_NA.partitions	Sat Jun  6 14:36:38 2026	build_lineage_codon_partition		ok	update pending
results/phylogeny/iq-tree/MP/lineage/H5N1_MP_fast.treefile	Sat Jun  6 14:36:38 2026	iqtree_fast_simple_segment		ok	update pending
results/phylogeny/iq-tree/NS/lineage/H5N1_NS_fast.treefile	Sat Jun  6 14:36:38 2026	iqtree_fast_simple_segment		ok	update pending
figures/main_panel_8_segments_collapsed.png	Fri Jun 12 00:16:46 2026	plot_8_segments_composite		ok	update pending
results/pre_beast/rtt_HA/outliers.tsv	Sat Jun  6 14:36:41 2026	run_root_to_tip_subsets_HA		ok	update pending
results/pre_beast/rtt_HA/treetime_clock.log	Sat Jun  6 14:36:41 2026	run_root_to_tip_subsets_HA		ok	update pending
results/pre_beast/rtt_HA/treetime_clock.done	Sat Jun  6 14:36:41 2026	run_root_to_tip_subsets_HA		ok	update pending
results/pre_beast/model_selection/HA.treefile	Sat Jun  6 14:36:40 2026	iqtree_pruned_ha		ok	update pending
results/pre_beast/model_selection/HA.iqtree	Sat Jun  6 14:36:40 2026	iqtree_pruned_ha		ok	update pending
results/pre_beast/model_selection/HA.log	Sat Jun  6 14:36:40 2026	iqtree_pruned_ha		ok	update pending
data/beast/main_panel/H5N1_HA_panel_postQC.fasta	Sat Jun  6 14:36:40 2026	trim_and_filter_pruned_ha		ok	update pending
data/beast/main_panel/pre-alignment/H5N1_HA_panel_mafft.mafft	Sat Jun  6 14:36:40 2026	run_mafft_alignment_pruned_ha		ok	update pending
data/beast/main_panel/pre-alignment/H5N1_HA_panel_unaligned.fasta	Sat Jun  6 14:36:40 2026	subset_ha_pre_alignment		ok	update pending
data/beast/main_panel/pre-alignment/context_taxa.txt	Sat Jun  6 14:36:39 2026	augur_filter_context		ok	update pending
data/beast/main_panel/pre-alignment/augur_include.txt	Sat Jun  6 14:36:39 2026	augur_filter_context		ok	update pending
data/beast/main_panel/pre-alignment/costa_window.audit.tsv	Sat Jun  6 14:36:39 2026	augur_filter_context		ok	update pending
results/pre_beast/rtt_HA/dates_from_headers.tsv	Sat Jun  6 14:36:39 2026	build_treetime_dates_subsets		ok	update pending
metadata/beast/metadata_beast.tsv	Sat Jun  6 14:36:40 2026	build_beast_metadata		ok	update pending
results/phylogeny/flu_mut/flumut_report_markers.tsv	Sat Jun  6 14:36:38 2026	run_flumut		ok	update pending
results/phylogeny/flu_mut/flumut_report_mutations.tsv	Sat Jun  6 14:36:38 2026	run_flumut		ok	update pending
data/phylogeny/flu_mut/flumut_input.fasta	Sat Jun  6 14:36:37 2026	prepare_flumut_fasta		ok	update pending
resources/flumut_update.done	Sat Jun  6 14:36:33 2026	flumut_update_db		ok	update pending
results/beast/GSS/strict_const/run.done	Mon Jun  8 03:06:08 2026	run_beast_single		ok	update pending
results/beast/GSS/strict_const/xml_params.json	Mon Jun  8 03:06:06 2026	update_beast_xml_params		ok	update pending
results/beast/GSS/strict_exp/run.done	Mon Jun  8 03:06:06 2026	run_beast_single		ok	update pending
results/beast/GSS/strict_exp/xml_params.json	Mon Jun  8 03:06:05 2026	update_beast_xml_params		ok	update pending
results/beast/GSS/strict_bay/run.done	Mon Jun  8 03:06:09 2026	run_beast_single		ok	update pending
results/beast/GSS/strict_bay/xml_params.json	Mon Jun  8 03:06:07 2026	update_beast_xml_params		ok	update pending
results/beast/GSS/ucln_const/run.done	Mon Jun  8 03:06:07 2026	run_beast_single		ok	update pending
results/beast/GSS/ucln_const/xml_params.json	Mon Jun  8 03:06:05 2026	update_beast_xml_params		ok	update pending
results/beast/GSS/ucln_exp/run.done	Mon Jun  8 09:19:27 2026	run_beast_single		ok	update pending
results/beast/GSS/ucln_exp/xml_params.json	Mon Jun  8 03:06:07 2026	update_beast_xml_params		ok	update pending
results/beast/GSS/ucln_bay/run.done	Mon Jun  8 03:06:07 2026	run_beast_single		ok	update pending
results/beast/GSS/ucln_bay/xml_params.json	Mon Jun  8 03:06:05 2026	update_beast_xml_params		ok	update pending
results/beast/GSS/model_selection.csv	Thu Jun 11 11:57:41 2026	extract_gss_mle		ok	update pending
